codigo_localidad,AÑO,theft_to_people,genero_-,genero_FEMENINO,genero_MASCULINO,TOTAL_POBLACION,Hombre,Mujer,crime_index,theft_to_people_index,male_index,female_index
1.0,2018,561,0,240,321,535205,246729,288476,10.481964854588428,10.481964854588428,13.010225794292523,8.319582911576699
1.0,2019,641,0,296,345,550190,253550,296640,11.65052072920264,11.65052072920264,13.606783671859594,9.978425026968717
1.0,2020,372,0,152,220,558331,257543,300788,6.662714411343808,6.662714411343808,8.542262845427754,5.053393087490193
1.0,2021,454,0,184,270,566966,261368,305598,8.007534843359213,8.007534843359213,10.330262312142267,6.020981812708198
1.0,2022,378,0,156,222,571768,263863,307905,6.611073022624561,6.611073022624561,8.413456983358788,5.06649778340722
1.0,2023,1,0,0,1,573561,264874,308687,0.017434937173203897,0.017434937173203897,0.037753799919961945,0.0
2.0,2018,664,0,313,351,155619,73954,81665,42.6683117100097,42.6683117100097,47.46193579792844,38.32731280230209
2.0,2019,802,0,357,445,162232,77517,84715,49.435376497854925,49.435376497854925,57.4067623876053,42.1412972909166
2.0,2020,337,0,151,186,164974,78892,86082,20.427461296931636,20.427461296931636,23.576535009886936,17.541414000604075
2.0,2021,522,0,242,280,165884,79274,86610,31.4677726604133,31.4677726604133,35.32053384464011,27.94134626486549
2.0,2022,510,0,206,304,165590,78881,86709,30.79896128993297,30.79896128993297,38.539065174123046,23.757626082644244
2.0,2023,3,0,2,1,164830,78297,86533,0.18200570284535583,0.18200570284535583,0.12771881425852843,0.23112569771069996
3.0,2018,459,0,200,259,103100,51178,51922,44.51988360814743,44.51988360814743,50.60768298878424,38.519317437695
3.0,2019,459,0,203,256,105004,52279,52725,43.712620471601085,43.712620471601085,48.968036879052775,38.50165955429114
3.0,2020,241,0,94,147,106860,53170,53690,22.552872917836424,22.552872917836424,27.64716945646041,17.507915813000558
3.0,2021,261,0,98,163,108820,54043,54777,23.984561661459292,23.984561661459292,30.161167958847585,17.890720557898387
3.0,2022,309,0,111,198,110015,54558,55457,28.08707903467709,28.08707903467709,36.29165291982844,20.015507510323314
3.0,2023,1,0,0,1,111062,55070,55992,0.09003979759053501,0.09003979759053501,0.18158707100054475,0.0
4.0,2018,127,0,67,60,385458,186876,198582,3.294781792049977,3.294781792049977,3.2106851602131896,3.373921100603277
4.0,2019,163,0,72,91,392261,189882,202379,4.155396534450277,4.155396534450277,4.7924500479245005,3.5576813799850777
4.0,2020,152,0,54,98,399704,193560,206144,3.8028140824209915,3.8028140824209915,5.0630295515602395,2.619528096864328
4.0,2021,199,0,89,110,401274,194133,207141,4.959204932290654,4.959204932290654,5.666218520292788,4.2965902452918545
4.0,2022,152,0,60,92,401452,193975,207477,3.786255891115252,3.786255891115252,4.742879237015079,2.891886811550196
5.0,2018,109,0,40,69,355461,172886,182575,3.066440481515553,3.066440481515553,3.9910692595120487,2.190880460084897
5.0,2019,147,0,64,83,366436,179231,187205,4.011614579353557,4.011614579353557,4.6308953250274785,3.4187121070484228
5.0,2020,128,0,52,76,374481,183191,191290,3.418063933817737,3.418063933817737,4.148675426194519,2.718385697109101
5.0,2021,158,0,54,104,379443,185383,194060,4.163998281691848,4.163998281691848,5.610007390105889,2.7826445429248685
5.0,2022,138,0,58,80,383238,187069,196169,3.6008955270615126,3.6008955270615126,4.276496907558174,2.9566343306026943
6.0,2018,133,0,60,73,171632,83369,88263,7.74913768994127,7.74913768994127,8.756252324005326,6.797865470242344
6.0,2019,164,0,73,91,175481,85805,89676,9.345741134367822,9.345741134367822,10.605442573276616,8.140416610910389
6.0,2020,124,0,39,85,178491,87302,91189,6.947128986895698,6.947128986895698,9.736317610134934,4.27683163539462
6.0,2021,154,0,60,94,179052,87522,91530,8.600853383374663,8.600853383374663,10.74015676058591,6.555227794165847
6.0,2022,108,0,43,65,178657,87071,91586,6.045103186553003,6.045103186553003,7.465172100929127,4.69504072674863
6.0,2023,1,0,0,1,178288,86711,91577,0.056089024499685905,0.056089024499685905,0.11532562189341607,0.0
7.0,2018,269,0,117,152,694397,334223,360174,3.8738646624337374,3.8738646624337374,4.547861756970645,3.2484299255359907
7.0,2019,290,0,124,166,707173,340010,367163,4.100835297727713,4.100835297727713,4.882209346783918,3.3772466179871063
7.0,2020,261,0,93,168,722905,347767,375138,3.6104329061218277,3.6104329061218277,4.830820635655482,2.4790876957279724
7.0,2021,380,0,148,232,735259,353585,381674,5.168246835468862,5.168246835468862,6.56136431126886,3.877654752485105
7.0,2022,290,0,122,168,745145,358572,386573,3.891859973562193,3.891859973562193,4.685251497607175,3.1559369123037566
8.0,2018,739,0,280,459,1019748,488032,531716,7.246888446949638,7.246888446949638,9.405120975673725,5.265969051147605
8.0,2019,760,0,298,462,1027373,493558,533815,7.397508013155884,7.397508013155884,9.360601996117984,5.582458342309602
8.0,2020,605,1,217,387,1046951,503223,543728,5.778684962333481,5.778684962333481,7.690427504307236,3.9909660712709294
8.0,2021,696,0,256,440,1061182,510068,551114,6.558724139685746,6.558724139685746,8.62630080695123,4.645136940814424
8.0,2022,564,0,210,354,1069465,513826,555639,5.273664869818086,5.273664869818086,6.8894917734797385,3.7794323292641443
8.0,2023,1,0,1,0,1075140,516520,558620,0.009301114273489964,0.009301114273489964,0.0,0.017901256668218107
9.0,2018,398,0,167,231,365884,173463,192421,10.877764537394366,10.877764537394366,13.31696096573909,8.678886400133042
9.0,2019,480,0,201,279,377118,178158,198960,12.728111625538958,12.728111625538958,15.660256626140843,10.102533172496985
9.0,2020,323,0,114,209,383577,181305,202272,8.42073429845898,8.42073429845898,11.52753647169135,5.635975320360703
9.0,2021,431,0,179,252,388044,183282,204762,11.10698786735525,11.10698786735525,13.749304350672734,8.741856399136559
9.0,2022,343,0,140,203,390261,184113,206148,8.788989932378588,8.788989932378588,11.02583739333996,6.79123736344762
9.0,2023,3,0,0,3,391507,184598,206909,0.0766269824038906,0.0766269824038906,0.16251530352441523,0.0
10.0,2018,610,0,262,348,792518,374253,418265,7.696986062146222,7.696986062146222,9.29852265713301,6.263971405687782
10.0,2019,746,0,316,430,802780,379603,423177,9.292707840255114,9.292707840255114,11.327623859663912,7.467324547411604
10.0,2020,616,0,216,400,816160,386180,429980,7.547539698098412,7.547539698098412,10.357864208400226,5.023489464626262
10.0,2021,701,0,289,412,824322,390085,434237,8.503958404604026,8.503958404604026,10.561800633195329,6.655351800975044
10.0,2022,569,0,224,345,827582,391310,436272,6.875451616879053,6.875451616879053,8.816539316654314,5.134411559760883
10.0,2023,6,0,2,4,828832,391744,437088,0.07239102737346048,0.07239102737346048,0.10210749877471001,0.04575737608902555
11.0,2018,633,0,272,361,1149040,540726,608314,5.508946598899951,5.508946598899951,6.676209392557414,4.471374980684318
11.0,2019,756,0,350,406,1189086,559950,629136,6.357824413036568,6.357824413036568,7.250647379230289,5.5631850665039035
11.0,2020,576,0,232,344,1209766,570978,638788,4.761251349434518,4.761251349434518,6.024750515781694,3.631877868713877
11.0,2021,668,0,276,392,1226336,580155,646181,5.447120528142369,5.447120528142369,6.756814989097741,4.2712490772709195
11.0,2022,622,0,262,360,1235165,585969,649196,5.035764452522537,5.035764452522537,6.143669716316051,4.035761156877122
11.0,2023,1,0,0,1,1239895,589354,650541,0.008065199069276028,0.008065199069276028,0.01696773076962233,0.0
12.0,2018,282,0,107,175,133126,62070,71056,21.182939470877216,21.182939470877216,28.193974544868695,15.058545372663813
12.0,2019,359,0,163,196,138316,65700,72616,25.955059429133286,25.955059429133286,29.832572298325722,22.44684367081635
12.0,2020,192,0,71,121,140237,66673,73564,13.691108623259197,13.691108623259197,18.14827591378819,9.651459953237996
12.0,2021,277,0,98,179,140987,67054,73933,19.6472015150333,19.6472015150333,26.69490261580219,13.255244613366155
12.0,2022,220,0,91,129,140890,66929,73961,15.61501880899993,15.61501880899993,19.274156195371216,12.303781722799854
12.0,2023,1,0,1,0,140630,66723,73907,0.07110858280594468,0.07110858280594468,0.0,0.13530518083537418
13.0,2018,447,0,217,230,144526,67745,76781,30.928691031371518,30.928691031371518,33.95084508081777,28.262200283924408
13.0,2019,515,0,217,298,152414,69301,83113,33.789546892017796,33.789546892017796,43.00082249895384,26.109032281351894
13.0,2020,286,0,103,183,154339,70288,84051,18.530637104037215,18.530637104037215,26.035738675165035,12.25446455128434
13.0,2021,340,0,119,221,156451,71249,85202,21.732043898728676,21.732043898728676,31.017979199708066,13.96680829088519
13.0,2022,349,0,135,214,157675,71984,85691,22.134136673537338,22.134136673537338,29.72882862858413,15.754279912709618
14.0,2018,268,0,103,165,73277,35873,37404,36.57354968134613,36.57354968134613,45.995595573272375,27.537161800876913
14.0,2019,337,0,117,220,82957,38757,44200,40.62345552515159,40.62345552515159,56.76393941739557,26.470588235294116
14.0,2020,209,0,58,151,84302,39409,44893,24.791819885649215,24.791819885649215,38.3161206830927,12.919608847704541
14.0,2021,281,0,88,193,84690,39411,45279,33.17983232967293,33.17983232967293,48.971099439242856,19.435058194748116
14.0,2022,241,0,89,152,84501,39145,45356,28.52037253996994,28.52037253996994,38.829991058883635,19.622541670341302
14.0,2023,2,0,0,2,84395,39030,45365,0.23698086379524852,0.23698086379524852,0.5124263387138099,0.0
15.0,2018,122,0,51,71,79229,37925,41304,15.398402100241073,15.398402100241073,18.72116018457482,12.347472399767577
15.0,2019,155,0,68,87,80095,38097,41998,19.352019476871217,19.352019476871217,22.836443814473583,16.191247202247727
15.0,2020,107,0,49,58,81356,38705,42651,13.152072373273022,13.152072373273022,14.985144038237955,11.488593467913999
15.0,2021,161,0,75,86,81238,38578,42660,19.818311627563457,19.818311627563457,22.29249831510187,17.580872011251756
15.0,2022,123,0,56,67,80791,38192,42599,15.224468071938706,15.224468071938706,17.542940930037705,13.145848494096105
15.0,2023,2,0,1,1,80412,37875,42537,0.24871909665224098,0.24871909665224098,0.26402640264026406,0.23508945153630958
16.0,2018,302,0,112,190,242905,117754,125151,12.432844116012433,12.432844116012433,16.13533298231907,8.94918937922989
16.0,2019,338,0,149,189,247237,120652,126585,13.671092918940127,13.671092918940127,15.664887444882803,11.770746928941028
16.0,2020,244,0,86,158,250855,122500,128355,9.726734567778198,9.726734567778198,12.897959183673468,6.700167504187605
16.0,2021,324,0,120,204,252241,123312,128929,12.844858686732133,12.844858686732133,16.543402101985208,9.307448285490464
16.0,2022,268,0,117,151,252491,123378,129113,10.614239715475009,10.614239715475009,12.238810809058341,9.061829560152734
16.0,2023,5,0,0,5,252497,123355,129142,0.19802215471866993,0.19802215471866993,0.4053341980462892,0.0
17.0,2018,115,0,63,52,17075,9012,8063,67.34992679355783,67.34992679355783,57.70084332001775,78.13468932159246
17.0,2019,123,0,46,77,17345,9085,8260,70.91380801383684,70.91380801383684,84.75509080902586,55.690072639225185
17.0,2020,50,0,21,29,17508,9175,8333,28.558373315055974,28.558373315055974,31.607629427792915,25.20100804032161
17.0,2021,63,0,28,35,17361,9066,8295,36.28823224468636,36.28823224468636,38.6057798367527,33.755274261603375
17.0,2022,71,0,28,43,17171,8942,8229,41.34878574340458,41.34878574340458,48.08767613509282,34.02600558998663
18.0,2018,229,0,85,144,364532,180338,184194,6.282027366596074,6.282027366596074,7.985005933303019,4.61469971877477
18.0,2019,272,0,106,166,372981,184454,188527,7.292596673825208,7.292596673825208,8.999533759094408,5.6225368249640635
18.0,2020,220,0,77,143,379794,187871,191923,5.79261389068811,5.79261389068811,7.6116058359193275,4.012025656122508
18.0,2021,256,0,109,147,381878,188838,193040,6.703711656602371,6.703711656602371,7.78445016363232,5.646498135101533
18.0,2022,185,0,72,113,381509,188106,193403,4.849164764134005,4.849164764134005,6.0072512306890795,3.7227964405929583
19.0,2018,185,0,84,101,604668,294968,309700,3.05953018846706,3.05953018846706,3.4241002413821158,2.7123022279625446
19.0,2019,243,0,104,139,619706,304313,315393,3.9212142532103935,3.9212142532103935,4.567665528584056,3.2974733110753887
19.0,2020,201,0,75,126,633443,311110,322333,3.1731347571920443,3.1731347571920443,4.050014464337372,2.3267862738224134
19.0,2021,332,0,138,194,642441,315476,326965,5.1677897269943855,5.1677897269943855,6.149437675132181,4.22063523618736
19.0,2022,242,0,113,129,649487,318912,330575,3.7260176108220797,3.7260176108220797,4.045003010234798,3.4182863192921427
19.0,2023,1,0,0,1,656499,322361,334138,0.015232315662323933,0.015232315662323933,0.031021122282161924,0.0
