codigo_upz,AÑO,theft_to_people,genero_-,genero_FEMENINO,genero_MASCULINO,TOTAL_POBLACION,Hombre,Mujer,crime_index,theft_to_people_index,male_index,female_index
1.0,2018,14,0,5,9,2567,1279,1288,54.53837164004675,54.53837164004675,70.36747458952306,38.81987577639752
1.0,2019,22,0,6,16,2602,1291,1311,84.55034588777863,84.55034588777863,123.93493415956624,45.76659038901602
1.0,2020,4,0,0,4,2574,1275,1299,15.54001554001554,15.54001554001554,31.372549019607842,0.0
1.0,2021,9,0,2,7,2545,1258,1287,35.36345776031434,35.36345776031434,55.643879173290934,15.54001554001554
1.0,2022,3,0,1,2,2505,1237,1268,11.976047904191617,11.976047904191617,16.16814874696847,7.886435331230284
2.0,2018,15,0,7,8,4077,1982,2095,36.79175864606328,36.79175864606328,40.363269424823415,33.41288782816229
2.0,2019,3,0,1,2,4483,2177,2306,6.691947356680794,6.691947356680794,9.186954524575103,4.336513443191674
2.0,2020,1,0,0,1,5017,2430,2587,1.9932230416583616,1.9932230416583616,4.11522633744856,0.0
2.0,2021,8,0,3,5,5589,2700,2889,14.313830738951511,14.313830738951511,18.51851851851852,10.384215991692628
2.0,2022,4,0,1,3,6160,2976,3184,6.4935064935064934,6.4935064935064934,10.080645161290322,3.14070351758794
3.0,2018,4,0,1,3,2048,988,1060,19.53125,19.53125,30.36437246963563,9.433962264150944
3.0,2019,3,0,0,3,2323,1124,1199,12.914334911752045,12.914334911752045,26.690391459074736,0.0
3.0,2020,1,0,0,1,2367,1149,1218,4.224757076468103,4.224757076468103,8.703220191470844,0.0
3.0,2021,1,0,0,1,2417,1178,1239,4.137360364087712,4.137360364087712,8.488964346349745,0.0
3.0,2022,2,0,2,0,2446,1200,1246,8.176614881439084,8.176614881439084,0.0,16.051364365971107
9.0,2018,32,0,13,19,119080,56578,62502,2.6872690628149143,2.6872690628149143,3.358195765138393,2.079933442129852
9.0,2019,37,0,17,20,122844,58302,64542,3.011950115593761,3.011950115593761,3.4304140509759526,2.6339437885407952
9.0,2020,24,0,7,17,125093,59368,65725,1.9185725819989927,1.9185725819989927,2.863495485783587,1.0650437428680106
9.0,2021,41,0,19,22,127453,60391,67062,3.216872101872847,3.216872101872847,3.6429269261976125,2.833199129164057
9.0,2022,29,0,12,17,128953,61115,67838,2.2488813753848302,2.2488813753848302,2.781641168289291,1.7689200742946432
10.0,2018,49,0,24,25,31194,14327,16867,15.7081490030134,15.7081490030134,17.449570740559782,14.228967806960338
10.0,2019,60,0,28,32,32844,15072,17772,18.26817683595177,18.26817683595177,21.231422505307854,15.755120414134593
10.0,2020,32,0,10,22,34511,15833,18678,9.272405899568254,9.272405899568254,13.895029369039348,5.353892279687332
10.0,2021,29,0,11,18,36225,16591,19634,8.005521048999311,8.005521048999311,10.849255620517148,5.602526230009168
10.0,2022,26,0,11,15,37712,17271,20441,6.8943572337717445,6.8943572337717445,8.685079034219212,5.381341421652562
11.0,2018,26,0,11,15,68168,32450,35718,3.8141063255486443,3.8141063255486443,4.622496147919877,3.079679713309816
11.0,2019,21,0,13,8,69583,33095,36488,3.017978529238463,3.017978529238463,2.417283577579695,3.562815172111379
11.0,2020,22,0,12,10,69775,33172,36603,3.152991759226084,3.152991759226084,3.0145906185939952,3.278419801655602
11.0,2021,37,0,12,25,70017,33225,36792,5.284430923918477,5.284430923918477,7.524454477050414,3.2615786040443573
11.0,2022,20,0,6,14,69776,33099,36677,2.8663150653519835,2.8663150653519835,4.229735037312305,1.6359026092646616
12.0,2018,49,0,22,27,58835,27123,31712,8.328375966686496,8.328375966686496,9.954651034177635,6.937436932391524
12.0,2019,61,0,27,34,60120,27692,32428,10.146373918829008,10.146373918829008,12.277914199046656,8.326137905513754
12.0,2020,38,0,17,21,60535,27886,32649,6.277360204840175,6.277360204840175,7.530660546510794,5.206897607889982
12.0,2021,55,0,21,34,60994,28059,32935,9.017280388234909,9.017280388234909,12.117324209700987,6.376195536663124
12.0,2022,43,0,20,23,61040,28090,32950,7.0445609436435115,7.0445609436435115,8.187967248131008,6.0698027314112295
13.0,2018,131,0,56,75,123293,54733,68560,10.625096315281485,10.625096315281485,13.702884914037236,8.168028004667445
13.0,2019,160,0,68,92,126708,56234,70474,12.627458408308867,12.627458408308867,16.36020912615144,9.648948548400828
13.0,2020,96,0,48,48,128724,57206,71518,7.4578167241540045,7.4578167241540045,8.390728245288955,6.71159708045527
13.0,2021,103,0,39,64,130855,58135,72720,7.871307936265333,7.871307936265333,11.008858690977895,5.363036303630363
13.0,2022,90,0,36,54,132098,58771,73327,6.813123590061924,6.813123590061924,9.188205067124942,4.909514912651548
13.0,2023,1,0,0,1,132653,59075,73578,0.07538465017753085,0.07538465017753085,0.16927634363097757,0.0
14.0,2018,64,0,23,41,39868,18825,21043,16.052974816895755,16.052974816895755,21.779548472775563,10.930000475217412
14.0,2019,61,0,31,30,40865,19334,21531,14.927199314817083,14.927199314817083,15.516706320471707,14.39784496772096
14.0,2020,46,0,23,23,41354,19655,21699,11.123470522803114,11.123470522803114,11.701857033833631,10.599566800313378
14.0,2021,48,0,22,26,41886,19970,21916,11.459676264145537,11.459676264145537,13.019529293940911,10.03832816207337
14.0,2022,78,0,35,43,42132,20181,21951,18.51324409000285,18.51324409000285,21.307170110499975,15.94460389048335
15.0,2018,45,0,19,26,24440,10977,13463,18.412438625204583,18.412438625204583,23.68588867632322,14.112753472480131
15.0,2019,44,0,25,19,24929,11192,13737,17.65012635885916,17.65012635885916,16.97641172265904,18.19902453228507
15.0,2020,20,0,7,13,24915,11215,13700,8.027292795504716,8.027292795504716,11.591618368256798,5.109489051094891
15.0,2021,25,0,9,16,24914,11228,13686,10.034518744481014,10.034518744481014,14.250089063056643,6.57606313020605
15.0,2022,15,0,6,9,24743,11179,13564,6.062320656347249,6.062320656347249,8.050809553627337,4.423473901503981
16.0,2018,151,0,67,84,67760,30437,37323,22.28453364817001,22.28453364817001,27.597989289351773,17.95139726174209
16.0,2019,175,0,81,94,69695,31338,38357,25.10940526580099,25.10940526580099,29.995532580254004,21.117397085277787
16.0,2020,90,0,28,62,70850,31933,38917,12.70289343683839,12.70289343683839,19.415651520370776,7.194799188015521
16.0,2021,107,0,49,58,72077,32511,39566,14.84523495705981,14.84523495705981,17.840115653163547,12.384370419046657
16.0,2022,74,0,29,45,72809,32920,39889,10.16357867846008,10.16357867846008,13.669501822600244,7.270174734889318
17.0,2018,46,0,18,28,47245,21911,25334,9.736480050799027,9.736480050799027,12.778969467390807,7.105076182205731
17.0,2019,71,0,22,49,49227,22838,26389,14.422979259349543,14.422979259349543,21.455468955250023,8.336807002917883
17.0,2020,34,0,16,18,48738,22678,26060,6.976076162337395,6.976076162337395,7.937207866654908,6.139677666922486
17.0,2021,37,0,15,22,48272,22557,25715,7.664898906198211,7.664898906198211,9.753070000443321,5.8331713007972
17.0,2022,43,0,19,24,47421,22285,25136,9.06771261677316,9.06771261677316,10.769575947947049,7.558879694462125
18.0,2018,33,0,11,22,82735,38291,44444,3.9886384238834833,3.9886384238834833,5.745475438092503,2.4750247502475027
18.0,2019,31,0,9,22,87900,40683,47217,3.526734926052332,3.526734926052332,5.40766413489664,1.9060931444183238
18.0,2020,32,0,8,24,89574,41579,47995,3.5724652242838326,3.5724652242838326,5.772144592222035,1.6668402958641524
18.0,2021,34,0,13,21,91263,42547,48716,3.725496641574351,3.725496641574351,4.9357181469903875,2.6685277937433285
18.0,2022,45,0,22,23,92162,43207,48955,4.882706538486578,4.882706538486578,5.3232115166523934,4.493922990501481
19.0,2018,87,0,34,53,96752,44278,52474,8.992062179593187,8.992062179593187,11.969827002122951,6.479399321568777
19.0,2019,90,0,44,46,100927,46205,54722,8.917336292567896,8.917336292567896,9.955632507304404,8.040641789408282
19.0,2020,56,0,18,38,100375,46114,54261,5.579078455790785,5.579078455790785,8.240447586416273,3.317299718029524
19.0,2021,83,0,33,50,99865,46097,53768,8.311220147198718,8.311220147198718,10.846692843352061,6.137479541734861
19.0,2022,66,0,28,38,98532,45765,52767,6.69833150651565,6.69833150651565,8.303288539276739,5.3063467697614035
20.0,2018,67,0,34,33,39506,17788,21718,16.95944919759024,16.95944919759024,18.551832696199686,15.655216870798416
20.0,2019,73,0,35,38,41140,18539,22601,17.744287797763736,17.744287797763736,20.4973299530719,15.486040440688464
20.0,2020,33,0,12,21,40664,18425,22239,8.115286248278576,8.115286248278576,11.397557666214382,5.395926075812762
20.0,2021,43,0,12,31,40213,18346,21867,10.693059458384104,10.693059458384104,16.89741633053527,5.487721223761833
20.0,2022,58,0,20,38,39439,18140,21299,14.70625522959507,14.70625522959507,20.948180815876515,9.390112211840933
21.0,2018,64,0,31,33,27253,11949,15304,23.48365317579716,23.48365317579716,27.617373838814963,20.25614218504966
21.0,2019,72,0,35,37,28368,12669,15699,25.380710659898476,25.380710659898476,29.20514642039624,22.294413656920824
21.0,2020,23,0,10,13,28891,12886,16005,7.960956699318126,7.960956699318126,10.08846810492007,6.248047485160887
21.0,2021,61,0,21,40,29182,12994,16188,20.903296552669456,20.903296552669456,30.783438510081574,12.972572275759822
21.0,2022,39,0,19,20,29298,13002,16296,13.31148883882859,13.31148883882859,15.382248884786955,11.659302896416298
22.0,2018,73,0,21,52,64814,30527,34287,11.262998734841238,11.262998734841238,17.034100959806075,6.124770321112959
22.0,2019,85,0,42,43,67629,32457,35172,12.568572653743216,12.568572653743216,13.248297747789383,11.941316956670079
22.0,2020,60,0,26,34,69087,33197,35890,8.684701897607365,8.684701897607365,10.241889327348858,7.244357759821677
22.0,2021,76,0,28,48,69957,33637,36320,10.8638163443258,10.8638163443258,14.270000297291674,7.709251101321586
22.0,2022,75,0,27,48,70398,33818,36580,10.653711753174807,10.653711753174807,14.193624696906973,7.381082558775287
23.0,2018,22,0,12,10,52913,24468,28445,4.1577684122994345,4.1577684122994345,4.086970737289521,4.218667604148356
23.0,2019,45,0,31,14,56335,26066,30269,7.987929351202627,7.987929351202627,5.370981355021868,10.241501205854174
23.0,2020,22,0,11,11,57665,26781,30884,3.8151391658718463,3.8151391658718463,4.107389567230499,3.5617148037818933
23.0,2021,27,0,16,11,59007,27543,31464,4.575728303421628,4.575728303421628,3.993755219111934,5.085176709890669
23.0,2022,27,0,12,15,59840,28113,31727,4.512032085561497,4.512032085561497,5.335609860207021,3.782267469347874
24.0,2018,60,0,24,36,76588,34962,41626,7.834125450462213,7.834125450462213,10.296893770379269,5.765627252198145
24.0,2019,67,0,34,33,80003,36556,43447,8.374685949276902,8.374685949276902,9.027245869351132,7.825626625543766
24.0,2020,58,0,20,38,79808,36623,43185,7.267441860465116,7.267441860465116,10.375993228299155,4.631237698274864
24.0,2021,60,0,31,29,79640,36747,42893,7.533902561526871,7.533902561526871,7.891800691212888,7.227286503625301
24.0,2022,55,0,25,30,78824,36626,42198,6.977570283162489,6.977570283162489,8.19090263747065,5.924451395800749
25.0,2018,37,0,12,25,40557,18384,22173,9.122962743792687,9.122962743792687,13.598781549173193,5.411987552428629
25.0,2019,47,0,22,25,42823,19418,23405,10.975410410293534,10.975410410293534,12.874652384385621,9.399700918607135
25.0,2020,34,0,15,19,43555,19828,23727,7.806222018137986,7.806222018137986,9.582408714948558,6.321911746112024
25.0,2021,34,0,13,21,44296,20271,24025,7.675636626331949,7.675636626331949,10.359627053426077,5.411030176899063
25.0,2022,22,0,9,13,44657,20574,24083,4.9264393040284835,4.9264393040284835,6.318654612617867,3.7370759456878297
26.0,2018,132,0,62,70,99530,47242,52288,13.262332964935196,13.262332964935196,14.817323568011515,11.857405140758873
26.0,2019,174,0,80,94,100323,47687,52636,17.343978947997968,17.343978947997968,19.711871159854887,15.19872330724219
26.0,2020,131,0,59,72,101318,48221,53097,12.929588029767663,12.929588029767663,14.931254017958981,11.111738892969472
26.0,2021,135,0,54,81,101654,48414,53240,13.280343124717179,13.280343124717179,16.730697732060975,10.1427498121713
26.0,2022,103,0,45,58,101386,48275,53111,10.159193577022469,10.159193577022469,12.014500258933195,8.472821072847433
27.0,2018,88,0,46,42,166333,77901,88432,5.290591764712955,5.290591764712955,5.391458389494359,5.2017369278089385
27.0,2019,104,0,56,48,170068,79760,90308,6.115200978432156,6.115200978432156,6.018054162487463,6.201001018735882
27.0,2020,94,0,39,55,176700,82963,93737,5.319750990379173,5.319750990379173,6.629461326133337,4.160576933334756
27.0,2021,91,0,51,40,182328,85641,96687,4.991005221359309,4.991005221359309,4.670660081035953,5.274752552049397
27.0,2022,73,0,27,46,187097,87903,99194,3.9017194289593102,3.9017194289593102,5.2330409656098205,2.721938826945178
28.0,2018,111,0,47,64,266238,127428,138810,4.169201992202466,4.169201992202466,5.022444046834291,3.385923204380088
28.0,2019,141,0,56,85,272474,130548,141926,5.1748056695317715,5.1748056695317715,6.511015105555045,3.9457181911700463
28.0,2020,135,0,64,71,273387,131109,142278,4.938054845329149,4.938054845329149,5.415341433463759,4.498235848128312
28.0,2021,154,0,54,100,272505,130755,141750,5.651272453716445,5.651272453716445,7.647891094030821,3.8095238095238098
28.0,2022,160,0,70,90,270028,129623,140405,5.925311449183048,5.925311449183048,6.943212238568773,4.985577436700972
29.0,2018,92,0,35,57,109581,51503,58078,8.39561602832608,8.39561602832608,11.067316467001922,6.026378318812632
29.0,2019,102,0,40,62,110128,51823,58305,9.26194973122185,9.26194973122185,11.96379985720626,6.860475087899838
29.0,2020,69,0,32,37,109786,51654,58132,6.2849543657661275,6.2849543657661275,7.163046424284663,5.504713410858048
29.0,2021,100,0,48,52,108721,51115,57606,9.197855060199961,9.197855060199961,10.173139000293457,8.332465368190814
29.0,2022,84,0,33,51,107025,50235,56790,7.8486334968465306,7.8486334968465306,10.152284263959391,5.810882197569995
29.0,2023,1,0,0,1,105098,49265,55833,0.0951492892348094,0.0951492892348094,0.20298386278290875,0.0
30.0,2018,109,0,42,67,125315,59415,65900,8.698080836292542,8.698080836292542,11.276613649751747,6.373292867981791
30.0,2019,118,0,45,73,126709,60161,66548,9.312677078976238,9.312677078976238,12.134106813384086,6.762036424836209
30.0,2020,99,0,34,65,128700,61151,67549,7.6923076923076925,7.6923076923076925,10.629425520433026,5.033383173696132
30.0,2021,129,0,49,80,129876,61720,68156,9.932551048692599,9.932551048692599,12.961762799740765,7.18938904865309
30.0,2022,131,0,52,79,130301,61875,68426,10.053645021910807,10.053645021910807,12.767676767676766,7.599450501271447
30.0,2023,2,0,0,2,130399,61902,68497,0.15337540932062363,0.15337540932062363,0.32309133792123035,0.0
31.0,2018,69,0,34,35,65800,30709,35091,10.486322188449847,10.486322188449847,11.397310234784591,9.689094069704483
31.0,2019,77,0,30,47,66554,31112,35442,11.56955254379902,11.56955254379902,15.106711236821805,8.464533604198408
31.0,2020,70,0,14,56,67651,31657,35994,10.347223248732464,10.347223248732464,17.68961051268282,3.8895371450797356
31.0,2021,90,0,32,58,68316,31982,36334,13.174073423502547,13.174073423502547,18.135201050590958,8.807177849947708
31.0,2022,60,0,19,41,68583,32094,36489,8.748523686627882,8.748523686627882,12.774973515298809,5.207048699608101
31.0,2023,2,0,2,0,68688,32143,36545,0.2911716748194736,0.2911716748194736,0.0,0.547270488438911
32.0,2018,16,0,10,6,97856,47245,50611,1.6350555918901244,1.6350555918901244,1.269975658799873,1.9758550512734385
32.0,2019,25,0,9,16,100161,48278,51883,2.495981469833568,2.495981469833568,3.314138945275281,1.7346722433166932
32.0,2020,24,0,6,18,102691,49503,53188,2.3371084126164905,2.3371084126164905,3.636143264044603,1.1280740016545086
32.0,2021,28,0,15,13,103708,49930,53778,2.6998881474910323,2.6998881474910323,2.603645103144402,2.7892446725426754
32.0,2022,32,0,13,19,104358,50163,54195,3.0663676958163246,3.0663676958163246,3.787652253653091,2.3987452717040316
33.0,2018,34,0,19,15,42167,20418,21749,8.06317736618683,8.06317736618683,7.346459006758741,8.73603384063635
33.0,2019,26,0,13,13,42929,20777,22152,6.056511915022479,6.056511915022479,6.256918708186938,5.868544600938967
33.0,2020,30,0,10,20,43834,21242,22592,6.8440023725874894,6.8440023725874894,9.415309292910273,4.426345609065156
33.0,2021,46,0,19,27,44097,21364,22733,10.431548631426175,10.431548631426175,12.638082756038195,8.357893810759688
33.0,2022,47,0,12,35,44213,21410,22803,10.630357587135006,10.630357587135006,16.347501167678654,5.2624654650703855
34.0,2018,45,0,23,22,78361,37998,40363,5.7426525950409,5.7426525950409,5.789778409389967,5.698288036072641
34.0,2019,64,0,26,38,79269,38378,40891,8.073774110938702,8.073774110938702,9.901506071186617,6.358367366902252
34.0,2020,47,0,22,25,80223,38862,41361,5.8586689602732385,5.8586689602732385,6.433019401986517,5.319020333164092
34.0,2021,69,0,28,41,79989,38719,41270,8.62618610058883,8.62618610058883,10.589116454453887,6.784589290041192
34.0,2022,30,0,16,14,79483,38431,41052,3.7743920083539875,3.7743920083539875,3.6428924566105487,3.89749585891065
35.0,2018,29,0,12,17,24983,11921,13062,11.607893367489893,11.607893367489893,14.260548611693649,9.186954524575103
35.0,2019,32,0,14,18,25387,12038,13349,12.604876511600425,12.604876511600425,14.952649941850806,10.48767697954903
35.0,2020,23,0,12,11,25931,12296,13635,8.86969264586788,8.86969264586788,8.945998698763825,8.800880088008801
35.0,2021,40,0,17,23,26040,12323,13717,15.360983102918587,15.360983102918587,18.664286293921933,12.393380476780637
35.0,2022,24,0,11,13,26034,12260,13774,9.218713989398479,9.218713989398479,10.603588907014682,7.986060694061275
36.0,2018,44,0,11,33,46555,22110,24445,9.451186768338523,9.451186768338523,14.925373134328359,4.499897729597055
36.0,2019,46,0,16,30,47491,22523,24968,9.686045777094607,9.686045777094607,13.319717621986413,6.408202499198975
36.0,2020,42,0,12,30,48165,22814,25351,8.720024914356898,8.720024914356898,13.149820285789428,4.733541083191985
36.0,2021,54,0,18,36,48237,22809,25428,11.194726040176628,11.194726040176628,15.783243456530316,7.078810759792355
36.0,2022,32,0,13,19,48007,22599,25408,6.665694586206178,6.665694586206178,8.407451657152972,5.116498740554156
37.0,2018,39,0,15,24,38204,18413,19791,10.208355146058004,10.208355146058004,13.03426926627926,7.579202667879339
37.0,2019,46,0,16,30,43484,19996,23488,10.578603624321591,10.578603624321591,15.003000600120023,6.8119891008174385
37.0,2020,39,0,11,28,44480,20483,23997,8.767985611510792,8.767985611510792,13.66987257725919,4.5839063216235365
37.0,2021,53,0,17,36,44974,20632,24342,11.784586650064481,11.784586650064481,17.448623497479645,6.983813984060472
37.0,2022,46,0,19,27,45156,20636,24520,10.186907609177076,10.186907609177076,13.083930994378756,7.748776508972267
38.0,2018,93,0,39,54,54246,26004,28242,17.14412122552815,17.14412122552815,20.76603599446239,13.809220310176332
38.0,2019,123,0,54,69,54708,26059,28649,22.483000658039042,22.483000658039042,26.478375992939103,18.848825438933297
38.0,2020,84,0,37,47,55425,26409,29016,15.155615696887685,15.155615696887685,17.79696315649968,12.751585332230494
38.0,2021,121,0,58,63,55198,26255,28943,21.9210840972499,21.9210840972499,23.995429442011048,20.039387762153197
38.0,2022,99,0,45,54,54757,25932,28825,18.079880197965558,18.079880197965558,20.82369273484498,15.611448395490026
38.0,2023,2,0,1,1,54363,25653,28710,0.36789728307856445,0.36789728307856445,0.389817955015008,0.3483106931382794
39.0,2018,92,0,36,56,88243,42702,45541,10.42575615062951,10.42575615062951,13.114139852934288,7.9049647570321255
39.0,2019,130,0,57,73,90059,43506,46553,14.434981512119833,14.434981512119833,16.779294809911278,12.244108865164435
39.0,2020,97,0,32,65,91627,44208,47419,10.58639920547437,10.58639920547437,14.703221136445892,6.748349817583669
39.0,2021,90,0,41,49,92068,44333,47735,9.775383412260503,9.775383412260503,11.052714682065279,8.589085576620928
39.0,2022,85,0,34,51,91927,44066,47861,9.246467305579428,9.246467305579428,11.573548767757455,7.103905058398278
40.0,2018,67,0,26,41,98166,46098,52068,6.825173685390054,6.825173685390054,8.894095188511432,4.993470077590843
40.0,2019,67,0,28,39,99795,47099,52696,6.7137632145899095,6.7137632145899095,8.280430582390284,5.313496280552603
40.0,2020,66,0,22,44,101113,47645,53468,6.5273505879560485,6.5273505879560485,9.234966943016056,4.114610608214259
40.0,2021,73,0,26,47,101529,47781,53748,7.190063922623094,7.190063922623094,9.83654590736904,4.837389298206444
40.0,2022,71,0,36,35,101488,47624,53864,6.995900993220874,6.995900993220874,7.3492356794893325,6.683499183127878
40.0,2023,1,0,0,1,101354,47442,53912,0.09866408824516053,0.09866408824516053,0.2107836937734497,0.0
41.0,2018,54,0,25,29,56895,26833,30062,9.491167940943845,9.491167940943845,10.807587671896545,8.316146630297386
41.0,2019,55,0,29,26,57874,27440,30434,9.503403946504475,9.503403946504475,9.475218658892128,9.528816455280278
41.0,2020,50,0,21,29,58670,27784,30886,8.522243054371911,8.522243054371911,10.437661963720126,6.799197047205854
41.0,2021,81,0,35,46,58946,27893,31053,13.74139042513487,13.74139042513487,16.49159287276378,11.271052716323705
41.0,2022,53,0,28,25,58950,27828,31122,8.990670059372349,8.990670059372349,8.983757366681042,8.99685110211426
41.0,2023,1,0,0,1,58903,27746,31157,0.16977063986554164,0.16977063986554164,0.36041231168456717,0.0
42.0,2018,114,0,52,62,131951,63768,68183,8.639570749748012,8.639570749748012,9.722744950445366,7.626534473402461
42.0,2019,127,0,57,70,135141,65747,69394,9.397592144500928,9.397592144500928,10.646873621610112,8.21396662535666
42.0,2020,98,0,28,70,137756,67031,70725,7.1140277011527635,7.1140277011527635,10.442929390878847,3.9589961117002477
42.0,2021,115,0,44,71,138482,67336,71146,8.304328360364524,8.304328360364524,10.544136865866697,6.184465746493126
42.0,2022,89,0,36,53,138472,67123,71349,6.4272921601479,6.4272921601479,7.895952207142113,5.045620821595256
42.0,2023,1,0,0,1,138470,66976,71494,0.07221780891167762,0.07221780891167762,0.14930721452460582,0.0
43.0,2018,56,0,19,37,71167,33640,37527,7.868815602737224,7.868815602737224,10.998810939357908,5.063021291336904
43.0,2019,57,0,24,33,72177,34309,37868,7.897252587389335,7.897252587389335,9.618467457518436,6.337805006865955
43.0,2020,45,0,14,31,72890,34580,38310,6.173686376732062,6.173686376732062,8.96471949103528,3.6543983294179063
43.0,2021,71,0,24,47,72940,34547,38393,9.734027968193034,9.734027968193034,13.604654528613194,6.251139530643607
43.0,2022,48,0,15,33,72673,34314,38359,6.604928928212679,6.604928928212679,9.617065920615492,3.9104251935660472
44.0,2018,107,0,38,69,79652,37518,42134,13.43343544418219,13.43343544418219,18.39117223732608,9.0188446385342
44.0,2019,95,0,50,45,79564,37621,41943,11.940073400030164,11.940073400030164,11.961404534701362,11.92094032377274
44.0,2020,71,0,18,53,80223,37941,42282,8.850329705944679,8.850329705944679,13.969057220421181,4.257130693912303
44.0,2021,82,0,28,54,80454,38038,42416,10.192159494866631,10.192159494866631,14.196329985803668,6.601282534892493
44.0,2022,78,0,27,51,80229,37902,42327,9.722170287551883,9.722170287551883,13.455754313756529,6.378907080586859
45.0,2018,78,0,24,54,90556,43525,47031,8.61345465789125,8.61345465789125,12.406662837449742,5.103017158895197
45.0,2019,105,0,33,72,90319,43587,46732,11.62546086648435,11.62546086648435,16.51868676440223,7.0615424120517
45.0,2020,81,0,28,53,90380,43669,46711,8.96215976986059,8.96215976986059,12.13675605120337,5.994305409860632
45.0,2021,101,0,39,62,89951,43493,46458,11.228335427065847,11.228335427065847,14.255167498218105,8.3946790649619
45.0,2022,68,0,35,33,89015,43052,45963,7.639161938999045,7.639161938999045,7.66514912199201,7.614820616582904
46.0,2018,103,0,35,68,138657,65654,73003,7.428402460748465,7.428402460748465,10.357327809425167,4.794323520951194
46.0,2019,127,0,51,76,140078,66586,73492,9.066377304073445,9.066377304073445,11.413810710960261,6.939530833287977
46.0,2020,90,0,33,57,143736,68336,75400,6.261479378861245,6.261479378861245,8.341137906813392,4.376657824933687
46.0,2021,95,0,39,56,146650,69698,76952,6.478008864643709,6.478008864643709,8.034663835404173,5.068094396506914
46.0,2022,87,0,28,59,148724,70628,78096,5.849761975202388,5.849761975202388,8.35362745653282,3.5853308748207335
47.0,2018,64,0,33,31,94686,44596,50090,6.759182983756838,6.759182983756838,6.951296080365952,6.588141345577959
47.0,2019,77,0,37,40,94456,44672,49784,8.151943762174982,8.151943762174982,8.954154727793696,7.432106700948096
47.0,2020,35,0,17,18,94641,44822,49819,3.698185775720882,3.698185775720882,4.015885056445495,3.4123527168349423
47.0,2021,70,0,28,42,94320,44704,49616,7.421543681085666,7.421543681085666,9.39513242662849,5.64334085778781
47.0,2022,56,0,25,31,93458,44314,49144,5.9919964048021574,5.9919964048021574,6.9955318860856615,5.08709099788377
48.0,2018,61,0,23,38,141531,67482,74049,4.3100098211699205,4.3100098211699205,5.631131264633532,3.1060513983983578
48.0,2019,54,0,24,30,141474,67751,73723,3.816955765723737,3.816955765723737,4.427978922820327,3.2554291062490677
48.0,2020,60,0,26,34,142922,68552,74370,4.198094065294357,4.198094065294357,4.959738592601237,3.4960333467796154
48.0,2021,59,0,25,34,143607,68959,74648,4.1084348256004235,4.1084348256004235,4.9304659290302935,3.349051548601436
48.0,2022,43,0,17,26,143478,68942,74536,2.996975146015417,2.996975146015417,3.771286008528908,2.280777074165504
49.0,2018,39,0,18,21,36791,17636,19155,10.600418580631132,10.600418580631132,11.90746200952597,9.397024275646045
49.0,2019,38,0,17,21,36681,17572,19109,10.359586707014532,10.359586707014532,11.950830867288868,8.896331571510807
49.0,2020,23,0,13,10,36178,17354,18824,6.357454806788656,6.357454806788656,5.762360262763628,6.906077348066298
49.0,2021,32,0,12,20,35501,17036,18465,9.013830596321231,9.013830596321231,11.739845034045551,6.498781478472786
49.0,2022,20,0,8,12,34697,16671,18026,5.764187105513445,5.764187105513445,7.198128486593485,4.438033950959725
50.0,2018,21,0,11,10,93229,45285,47944,2.252517993328256,2.252517993328256,2.2082367229767033,2.294343400634073
50.0,2019,33,0,18,15,94513,45836,48677,3.491583168453017,3.491583168453017,3.2725368705820754,3.697844978121084
50.0,2020,37,0,10,27,95816,46487,49329,3.861568005343575,3.861568005343575,5.808075375911546,2.027205092339192
50.0,2021,40,0,20,20,95719,46400,49319,4.17889865126046,4.17889865126046,4.310344827586206,4.055232263427888
50.0,2022,23,0,10,13,95294,46140,49154,2.413583226645959,2.413583226645959,2.8175119202427394,2.0344224274728404
51.0,2018,11,0,4,7,73845,35930,37915,1.4896066084365902,1.4896066084365902,1.9482326746451433,1.054991428194646
51.0,2019,15,0,6,9,75389,36613,38776,1.9896801920704614,1.9896801920704614,2.4581432824406635,1.5473488755931504
51.0,2020,14,0,6,8,77140,37466,39674,1.8148820326678765,1.8148820326678765,2.13526931084183,1.5123254524373646
51.0,2021,16,0,7,9,77761,37720,40041,2.0575867079898664,2.0575867079898664,2.3860021208907742,1.748208086711121
51.0,2022,20,0,9,11,78104,37831,40273,2.5606883130185394,2.5606883130185394,2.9076683143453783,2.234747845951382
52.0,2018,8,0,2,6,18178,8980,9198,4.400924194080757,4.400924194080757,6.6815144766147,2.1743857360295715
52.0,2019,8,0,4,4,18698,9295,9403,4.278532463365066,4.278532463365066,4.303388918773535,4.25396150164841
52.0,2020,4,0,2,2,19176,9534,9642,2.0859407592824364,2.0859407592824364,2.097755401720159,2.0742584526031944
52.0,2021,12,0,2,10,19494,9683,9811,6.155740227762388,6.155740227762388,10.327377878756582,2.038528182652125
52.0,2022,4,0,2,2,19750,9802,9948,2.0253164556962027,2.0253164556962027,2.0403999183840034,2.010454362685967
53.0,2018,31,0,14,17,46417,22472,23945,6.678587586444621,6.678587586444621,7.56496974012104,5.846732094382961
53.0,2019,34,0,13,21,46874,22582,24292,7.253488074412254,7.253488074412254,9.299442033477991,5.351556067841265
53.0,2020,17,0,8,9,46703,22454,24249,3.6400231248527932,3.6400231248527932,4.00819453104124,3.2991051177368136
53.0,2021,38,0,17,21,45951,22034,23917,8.269678570651346,8.269678570651346,9.530725242806572,7.107914872266589
53.0,2022,28,0,8,20,44925,21430,23495,6.232609905397886,6.232609905397886,9.332711152589827,3.4049797829325392
54.0,2018,44,0,20,24,111476,58191,53285,3.947037927446267,3.947037927446267,4.124349126153529,3.753401520127616
54.0,2019,43,0,14,29,115215,60329,54886,3.7321529314759365,3.7321529314759365,4.80697508660843,2.550741537003972
54.0,2020,38,0,17,21,118698,62340,56358,3.201401877032469,3.201401877032469,3.368623676612127,3.016430675325597
54.0,2021,50,0,22,28,120683,63530,57153,4.143085604434758,4.143085604434758,4.407366598457422,3.8493167462775357
54.0,2022,30,0,15,15,121855,64130,57725,2.46194247261089,2.46194247261089,2.338998908467176,2.5985275010827196
55.0,2018,18,0,4,14,71841,34863,36978,2.505533052156846,2.505533052156846,4.015718670223446,1.0817242684839634
55.0,2019,19,0,6,13,73342,35514,37828,2.590602928744785,2.590602928744785,3.6605282423832852,1.586126678650735
55.0,2020,26,0,8,18,74601,36055,38546,3.4852079730834706,3.4852079730834706,4.992372763833033,2.0754423286462926
55.0,2021,24,0,11,13,74939,36132,38807,3.2026047852253168,3.2026047852253168,3.5979187423890178,2.834540160280362
55.0,2022,10,0,2,8,74795,35881,38914,1.3369877665619359,1.3369877665619359,2.229592263314846,0.5139538469445444
56.0,2018,24,0,7,17,50027,24123,25904,4.7974093989245805,4.7974093989245805,7.047216349541931,2.7022853613341566
56.0,2019,37,0,13,24,52258,25327,26931,7.080255654636611,7.080255654636611,9.476053223832274,4.82715086703056
56.0,2020,21,0,10,11,54467,26373,28094,3.8555455596966968,3.8555455596966968,4.170932392977667,3.559478892290169
56.0,2021,27,0,7,20,56224,27160,29064,4.80221969265794,4.80221969265794,7.363770250368188,2.4084778420038537
56.0,2022,18,0,7,11,57802,27868,29934,3.1140790976090793,3.1140790976090793,3.947179560786565,2.3384779849001136
57.0,2018,30,0,9,21,123476,59837,63639,2.4296219508244516,2.4296219508244516,3.509534234670856,1.414227124876255
57.0,2019,50,0,20,30,126215,61508,64707,3.9614942756407716,3.9614942756407716,4.877414320088444,3.0908557034014867
57.0,2020,49,0,21,28,127216,62013,65203,3.8517167651867688,3.8517167651867688,4.515182300485382,3.220710703495238
57.0,2021,62,0,24,38,127124,61887,65237,4.877127843680186,4.877127843680186,6.140223310226703,3.678893879240308
57.0,2022,40,0,15,25,126622,61595,65027,3.1590087030689773,3.1590087030689773,4.058771004139946,2.3067341258246574
58.0,2018,24,0,8,16,91633,44615,47018,2.619143758253031,2.619143758253031,3.586237812394934,1.701476030456421
58.0,2019,24,0,12,12,94210,46146,48064,2.547500265364611,2.547500265364611,2.600442075152776,2.496671105193076
58.0,2020,33,0,13,20,95714,46919,48795,3.4477714858850326,3.4477714858850326,4.262665444702573,2.664207398299006
58.0,2021,33,0,9,24,96410,47234,49176,3.4228814438336275,3.4228814438336275,5.081085658635729,1.8301610541727673
58.0,2022,42,0,21,21,96803,47416,49387,4.338708511099862,4.338708511099862,4.428884764636409,4.252131127624678
59.0,2018,14,0,7,7,48496,23875,24621,2.886836027713626,2.886836027713626,2.9319371727748686,2.843101417489135
59.0,2019,22,0,13,9,49878,24695,25183,4.410762259914191,4.410762259914191,3.644462441789836,5.1622126037406195
59.0,2020,15,0,3,12,50929,25223,25706,2.945276757839345,2.945276757839345,4.757562542124251,1.1670427137633237
59.0,2021,16,0,6,10,51564,25513,26051,3.1029400356838104,3.1029400356838104,3.919570415082507,2.3031745422440597
59.0,2022,19,0,7,12,52034,25726,26308,3.65145866164431,3.65145866164431,4.664541708777112,2.660787593127566
60.0,2018,4,0,4,0,1014,517,497,39.447731755424066,39.447731755424066,0.0,80.48289738430584
60.0,2020,2,0,0,2,982,507,475,20.36659877800407,20.36659877800407,39.447731755424066,0.0
60.0,2022,4,0,2,2,827,429,398,48.367593712212816,48.367593712212816,46.62004662004662,50.25125628140704
61.0,2018,5,0,3,2,22637,10939,11698,2.2087732473384283,2.2087732473384283,1.8283206874485787,2.5645409471704568
61.0,2019,6,0,2,4,24119,11715,12404,2.4876653260914634,2.4876653260914634,3.4144259496372174,1.6123831022250885
61.0,2020,4,0,3,1,25997,12622,13375,1.5386390737392777,1.5386390737392777,0.7922674694977024,2.2429906542056073
61.0,2021,8,0,6,2,27723,13439,14284,2.885690581827364,2.885690581827364,1.4882059677059305,4.200504060487258
61.0,2022,11,0,4,7,29400,14233,15167,3.741496598639456,3.741496598639456,4.91814796599452,2.637304674622536
62.0,2018,19,0,8,11,39681,19601,20080,4.788185781608326,4.788185781608326,5.611958573542166,3.9840637450199203
62.0,2019,37,0,16,21,40340,20058,20282,9.17203767972236,9.17203767972236,10.469638049655998,7.888768366038852
62.0,2020,26,0,11,15,40735,20271,20464,6.38271756474776,6.38271756474776,7.399733609590055,5.375293197810789
62.0,2021,39,0,16,23,40570,20186,20384,9.61301454276559,9.61301454276559,11.394035470127813,7.849293563579279
62.0,2022,19,0,7,12,40185,19948,20237,4.7281323877068555,4.7281323877068555,6.0156406657309,3.4590107229332414
63.0,2018,2,0,1,1,36,18,18,555.5555555555555,555.5555555555555,555.5555555555555,555.5555555555555
63.0,2019,4,0,1,3,36,18,18,1111.111111111111,1111.111111111111,1666.6666666666665,555.5555555555555
63.0,2020,1,0,1,0,30,13,17,333.3333333333333,333.3333333333333,0.0,588.2352941176471
63.0,2021,1,0,0,1,28,13,15,357.1428571428571,357.1428571428571,769.2307692307693,0.0
63.0,2022,1,0,0,1,18,4,14,555.5555555555555,555.5555555555555,2500.0,0.0
64.0,2018,1,0,1,0,5331,2681,2650,1.8758206715438004,1.8758206715438004,0.0,3.773584905660377
64.0,2019,1,0,1,0,5725,2899,2826,1.7467248908296942,1.7467248908296942,0.0,3.5385704175513095
64.0,2020,1,0,1,0,6009,3047,2962,1.6641704110500917,1.6641704110500917,0.0,3.37609723160027
64.0,2022,5,0,4,1,6485,3297,3188,7.710100231303007,7.710100231303007,3.0330603579011224,12.547051442910915
65.0,2018,35,0,14,21,77129,36651,40478,4.537852169741601,4.537852169741601,5.729720880739953,3.4586689065665297
65.0,2019,54,0,24,30,79580,38071,41509,6.785624528776075,6.785624528776075,7.880013658690341,5.781878628731118
65.0,2020,44,0,14,30,82419,39437,42982,5.338574843179364,5.338574843179364,7.607069503258361,3.2571774231073474
65.0,2021,62,0,29,33,84648,40496,44152,7.324449484925811,7.324449484925811,8.148952983010668,6.5682188802319255
65.0,2022,42,0,23,19,86615,41438,45177,4.849044622755874,4.849044622755874,4.585163376610841,5.091086172167253
65.0,2023,1,0,0,1,88566,42370,46196,0.11291014610572907,0.11291014610572907,0.2360160490913382,0.0
66.0,2018,32,0,17,15,68147,33151,34996,4.695731286777114,4.695731286777114,4.524750384603783,4.857698022631158
66.0,2019,40,0,21,19,69426,34000,35426,5.761530262437703,5.761530262437703,5.588235294117647,5.927849601987241
66.0,2020,29,0,9,20,70180,34379,35801,4.132231404958677,4.132231404958677,5.81750487216033,2.513896259881009
66.0,2021,34,0,16,18,70395,34479,35916,4.829888486398182,4.829888486398182,5.2205690420255815,4.454839068938634
66.0,2022,32,0,17,15,70388,34476,35912,4.546229470932546,4.546229470932546,4.35085276714236,4.733793717977278
67.0,2018,42,0,20,22,153854,75900,77954,2.7298607771003676,2.7298607771003676,2.898550724637681,2.565615619467891
67.0,2019,52,0,22,30,157159,78057,79102,3.3087510101235056,3.3087510101235056,3.843345247703601,2.7812191853556167
67.0,2020,57,0,26,31,159884,79445,80439,3.5650846863976384,3.5650846863976384,3.9020706148908046,3.2322629570233348
67.0,2021,86,0,37,49,161398,80209,81189,5.328442731632363,5.328442731632363,6.109040132653443,4.5572676101442315
67.0,2022,85,0,36,49,162416,80734,81682,5.233474534528618,5.233474534528618,6.069314043649515,4.407335765529737
68.0,2018,8,0,4,4,49741,24609,25132,1.6083311553848938,1.6083311553848938,1.6254215937258727,1.5915963711602739
68.0,2019,11,0,2,9,51170,25484,25686,2.1496970881375805,2.1496970881375805,3.5316276879610737,0.7786342754808067
68.0,2020,8,0,2,6,52519,26166,26353,1.523258249395457,1.523258249395457,2.293052052281587,0.758926877395363
68.0,2021,15,0,8,7,53474,26638,26836,2.8051015446759173,2.8051015446759173,2.6278249117801638,2.981070204203309
68.0,2022,8,0,2,6,54271,27037,27234,1.4740837648099354,1.4740837648099354,2.219181122165921,0.7343761474627305
69.0,2018,48,0,19,29,155423,75643,79780,3.088345997696609,3.088345997696609,3.8337982364528114,2.3815492604662825
69.0,2019,52,0,19,33,159118,77946,81172,3.268014932314383,3.268014932314383,4.233700254022015,2.340708618735525
69.0,2020,42,0,15,27,162581,79637,82944,2.583327695118126,2.583327695118126,3.390383866795585,1.808449074074074
69.0,2021,78,0,29,49,164827,80707,84120,4.732234403344112,4.732234403344112,6.071344493042735,3.4474560152163574
69.0,2022,33,0,14,19,166588,81544,85044,1.9809350013206233,1.9809350013206233,2.330030413028549,1.6462066694887352
70.0,2018,17,0,8,9,95007,46315,48692,1.7893418379698338,1.7893418379698338,1.9432149411637698,1.6429803663846219
70.0,2019,29,0,14,15,97492,47838,49654,2.974603044352357,2.974603044352357,3.1355825912454534,2.819511016232328
70.0,2020,19,0,7,12,99821,48986,50835,1.903407098706685,1.903407098706685,2.4496795002653817,1.377004032654667
70.0,2021,56,0,19,37,101414,49755,51659,5.521920050486126,5.521920050486126,7.436438548889559,3.677965117404518
70.0,2022,36,0,17,19,102706,50382,52324,3.505150624111542,3.505150624111542,3.771188122742249,3.2489870804984324
71.0,2018,63,0,26,37,274048,132345,141703,2.2988673517048106,2.2988673517048106,2.795723298953493,1.8348235393746075
71.0,2019,81,0,40,41,281383,136036,145347,2.878638723732422,2.878638723732422,3.013908083154459,2.752034785719691
71.0,2020,76,0,29,47,291916,141299,150617,2.603488674824265,2.603488674824265,3.326279733048359,1.9254134659434194
71.0,2021,96,0,35,61,300941,145773,155168,3.1899940519902574,3.1899940519902574,4.18458836684434,2.2556197154052384
71.0,2022,67,0,27,40,308559,149557,159002,2.1713837548086428,2.1713837548086428,2.6745655502584302,1.698091847901284
71.0,2023,1,0,0,1,315601,153094,162507,0.031685577675609394,0.031685577675609394,0.0653193462839824,0.0
72.0,2018,53,0,27,26,81481,37070,44411,6.504583890722991,6.504583890722991,7.013757755597518,6.079574880097273
72.0,2019,78,0,35,43,82460,37550,44910,9.459131700218288,9.459131700218288,11.451398135818907,7.793364506791361
72.0,2020,55,0,17,38,83848,38193,45655,6.559488598416182,6.559488598416182,9.94946717984971,3.7235790165370712
72.0,2021,59,0,29,30,84724,38581,46143,6.963788300835654,6.963788300835654,7.775848215442834,6.284810263745313
72.0,2022,48,0,15,33,85096,38702,46394,5.6406881639560025,5.6406881639560025,8.526691127073537,3.2331767038841233
73.0,2018,59,0,22,37,160612,75640,84972,3.673449057355615,3.673449057355615,4.891591750396616,2.589088170220778
73.0,2019,97,0,37,60,163652,77170,86482,5.927211399799575,5.927211399799575,7.7750421148114555,4.278346939247474
73.0,2020,96,0,35,61,167992,79269,88723,5.714557836087432,5.714557836087432,7.69531594948845,3.9448620988920573
73.0,2021,95,0,39,56,171250,80812,90438,5.547445255474452,5.547445255474452,6.9296639113003025,4.312346579977443
73.0,2022,68,0,28,40,173461,81788,91673,3.9201895526948425,3.9201895526948425,4.890693011199686,3.05433442780317
74.0,2018,35,0,13,22,135897,65701,70196,2.5754799590866613,2.5754799590866613,3.3485030669244,1.8519573764886887
74.0,2019,37,0,15,22,138394,66983,71411,2.6735263089440298,2.6735263089440298,3.284415448695938,2.1005167271148704
74.0,2020,45,0,8,37,141832,68646,73186,3.172767781600767,3.172767781600767,5.389971739067098,1.0931052387068565
74.0,2021,47,0,15,32,144349,69835,74514,3.2559976168868503,3.2559976168868503,4.582229541061072,2.0130445285449716
74.0,2022,43,0,19,24,145990,70530,75460,2.9454072196725805,2.9454072196725805,3.4028073160357297,2.5178902729923136
74.0,2023,1,0,0,1,147256,71073,76183,0.0679089476829467,0.0679089476829467,0.14070040662417513,0.0
75.0,2018,102,0,33,69,129959,62133,67826,7.848629183050039,7.848629183050039,11.105209791898025,4.865390853065196
75.0,2019,105,0,46,59,132714,63221,69493,7.9117500791175015,7.9117500791175015,9.3323421015169,6.61937173528269
75.0,2020,89,0,27,62,132681,63232,69449,6.707817999562862,6.707817999562862,9.805161943319836,3.8877449639303663
75.0,2021,111,0,46,65,131922,62819,69103,8.4140628553236,8.4140628553236,10.347187952689472,6.656729809125508
75.0,2022,89,0,30,59,130396,62011,68385,6.825362741188379,6.825362741188379,9.514440986276629,4.386926957666155
76.0,2018,15,0,8,7,32717,16104,16613,4.584772442461106,4.584772442461106,4.346746150024838,4.8155059290916755
76.0,2019,19,0,8,11,33461,16412,17049,5.6782522937150715,5.6782522937150715,6.702412868632708,4.692357323010147
76.0,2020,14,0,2,12,33737,16552,17185,4.149746569048818,4.149746569048818,7.249879168680521,1.1638056444573757
76.0,2021,32,0,11,21,33840,16586,17254,9.456264775413711,9.456264775413711,12.661280598094779,6.3753332560565665
76.0,2022,41,0,20,21,33742,16516,17226,12.151028391915121,12.151028391915121,12.714943085492855,11.610356437942645
77.0,2018,13,0,5,8,56771,26670,30101,2.289901534234028,2.289901534234028,2.9996250468691414,1.6610743829108667
77.0,2019,25,0,9,16,59305,27758,31547,4.21549616389849,4.21549616389849,5.76410404207796,2.8528861698418235
77.0,2020,25,0,10,15,61591,28838,32753,4.059034599210924,4.059034599210924,5.201470282266454,3.053155436143254
77.0,2021,27,0,11,16,63557,29730,33827,4.248155199269947,4.248155199269947,5.381769256643121,3.2518402459573714
77.0,2022,22,0,4,18,65142,30430,34712,3.3772374197906116,3.3772374197906116,5.915215248110417,1.1523392486748099
78.0,2018,16,0,6,10,27577,12962,14615,5.801936396272255,5.801936396272255,7.714858818083629,4.1053711939787885
78.0,2019,17,0,7,10,28487,13405,15082,5.967634359532418,5.967634359532418,7.459903021260724,4.641294258055961
78.0,2020,9,0,1,8,30113,14147,15966,2.9887424036130574,2.9887424036130574,5.654909168021488,0.626330953275711
78.0,2021,12,0,6,6,31602,14816,16786,3.7972280235428135,3.7972280235428135,4.049676025917926,3.5744072441320145
78.0,2022,8,0,1,7,32927,15400,17527,2.4296170316153916,2.4296170316153916,4.545454545454546,0.5705482969133338
79.0,2018,34,0,14,20,120204,56697,63507,2.8285248411034574,2.8285248411034574,3.527523502125333,2.2044813957516496
79.0,2019,43,0,17,26,124532,58974,65558,3.452927761539203,3.452927761539203,4.408722487876013,2.5931236462369203
79.0,2020,48,1,15,32,131909,62500,69409,3.638872252840974,3.638872252840974,5.12,2.161103026984973
79.0,2021,36,0,11,25,138736,65739,72997,2.5948564179448734,2.5948564179448734,3.802917598381478,1.5069112429277915
79.0,2022,38,0,15,23,144820,68595,76225,2.623946968650739,2.623946968650739,3.353014068080764,1.9678583142013775
80.0,2018,62,0,22,40,57028,28359,28669,10.871852423370974,10.871852423370974,14.104869706266088,7.673793993512156
80.0,2019,55,0,13,42,56948,28431,28517,9.657933553417152,9.657933553417152,14.772607365199958,4.558684293579269
80.0,2020,60,0,21,39,57237,28595,28642,10.482729702814613,10.482729702814613,13.63874803287288,7.331890231129111
80.0,2021,51,0,17,34,57214,28591,28623,8.913902191771244,8.913902191771244,11.891854079955232,5.939279600321419
80.0,2022,35,0,13,22,56865,28410,28455,6.154928339048624,6.154928339048624,7.743752199929602,4.568617114742576
81.0,2018,42,0,16,26,63264,30735,32529,6.638846737481032,6.638846737481032,8.459411094843013,4.918687939992007
81.0,2019,19,0,9,10,63103,30784,32319,3.0109503510134226,3.0109503510134226,3.2484407484407485,2.78473962684489
81.0,2020,26,0,7,19,63281,30922,32359,4.108658207044769,4.108658207044769,6.144492594269452,2.163231249420563
81.0,2021,37,0,13,24,63122,30878,32244,5.8616647127784285,5.8616647127784285,7.772524127210311,4.03175784642104
81.0,2022,42,0,14,28,62604,30648,31956,6.708836496070538,6.708836496070538,9.135995823544766,4.381023907873326
82.0,2018,95,0,35,60,140235,69384,70851,6.774343066994687,6.774343066994687,8.647526807333103,4.939944390340291
82.0,2019,86,0,25,61,139919,69495,70424,6.146413281970283,6.146413281970283,8.777609899992806,3.54992616153584
82.0,2020,79,0,27,52,140225,69690,70535,5.633802816901409,5.633802816901409,7.46161572679007,3.8278868646771107
82.0,2021,112,0,43,69,139765,69471,70294,8.013451150144885,8.013451150144885,9.932201925983504,6.117165049648619
82.0,2022,70,0,26,44,138518,68830,69688,5.053494852654529,5.053494852654529,6.392561383117826,3.730914935139479
82.0,2023,1,0,1,0,136941,68050,68891,0.07302414908610277,0.07302414908610277,0.0,0.14515684196774614
83.0,2018,21,0,11,10,28531,13522,15009,7.360414987206897,7.360414987206897,7.395355716609969,7.328935971750282
83.0,2019,31,0,11,20,29613,14096,15517,10.468375375679601,10.468375375679601,14.188422247446084,7.08899916220919
83.0,2020,9,0,3,6,31532,15032,16500,2.854243308385133,2.854243308385133,3.991484832357637,1.8181818181818181
83.0,2021,15,0,2,13,33332,15905,17427,4.500180007200288,4.500180007200288,8.17353033637221,1.1476444597463706
83.0,2022,17,0,3,14,34964,16691,18273,4.862143919460016,4.862143919460016,8.387753879336168,1.6417665407978985
84.0,2018,73,0,26,47,195836,95646,100190,3.727608815539533,3.727608815539533,4.913953537001024,2.595069368200419
84.0,2019,79,0,31,48,197601,96425,101176,3.9979554759338263,3.9979554759338263,4.977962146746176,3.063967739384834
84.0,2020,64,0,18,46,199301,97341,101960,3.211223225171976,3.211223225171976,4.725655170996805,1.7653981953707338
84.0,2021,93,0,39,54,199961,97662,102299,4.650906926850736,4.650906926850736,5.529274436321189,3.8123539819548578
84.0,2022,73,0,28,45,199880,97718,102162,3.652191314788873,3.652191314788873,4.605088110685851,2.7407450911297744
85.0,2018,111,0,52,59,233322,112383,120939,4.757373929590866,4.757373929590866,5.2499043449632055,4.299688272600236
85.0,2019,122,0,50,72,235147,113170,121977,5.1882439495294435,5.1882439495294435,6.362110099849784,4.09913344319011
85.0,2020,119,0,38,81,235571,113527,122044,5.051555581968918,5.051555581968918,7.134866595611617,3.1136311494215203
85.0,2021,169,0,64,105,234732,113175,121557,7.19970008349948,7.19970008349948,9.277667329357191,5.2650197026909185
85.0,2022,133,0,55,78,233006,112514,120492,5.708007519119679,5.708007519119679,6.932470625877668,4.564618397901935
86.0,2018,25,0,9,16,131429,62925,68504,1.9021677103226837,1.9021677103226837,2.5427095748907433,1.3137918953637744
86.0,2019,32,0,17,15,135550,64820,70730,2.3607524898561416,2.3607524898561416,2.314100586238815,2.403506291531175
86.0,2020,32,0,15,17,141294,67547,73747,2.2647812362874573,2.2647812362874573,2.5167661036019364,2.0339810432966767
86.0,2021,59,0,24,35,146365,69893,76472,4.031018344549585,4.031018344549585,5.007654557681026,3.1384035987027934
86.0,2022,38,0,16,22,150905,72055,78850,2.5181405520029156,2.5181405520029156,3.05322323225314,2.0291693088142044
87.0,2018,21,0,12,9,97019,45633,51386,2.164524474587452,2.164524474587452,1.972256919334692,2.335266414976842
87.0,2019,19,0,9,10,102194,48023,54171,1.8592089555159794,1.8592089555159794,2.0823355475501324,1.661405549094534
87.0,2020,23,0,9,14,110561,51998,58563,2.0802995631370917,2.0802995631370917,2.692411246586407,1.536806516059628
87.0,2021,27,0,9,18,118700,55819,62881,2.274641954507161,2.274641954507161,3.2247084326125512,1.4312749479174949
87.0,2022,26,0,15,11,126657,59614,67043,2.052788239102458,2.052788239102458,1.845204146676955,2.237370046089823
88.0,2018,58,0,28,30,36695,16397,20298,15.805968115547076,15.805968115547076,18.296029761541746,13.794462508621539
88.0,2019,60,0,27,33,38133,17147,20986,15.73440327275588,15.73440327275588,19.24534904064851,12.865720003812065
88.0,2020,33,0,17,16,38690,17433,21257,8.529335745670716,8.529335745670716,9.177995755176962,7.997365573693372
88.0,2021,46,0,25,21,38828,17502,21326,11.847120634593592,11.847120634593592,11.998628728145354,11.722779705523774
88.0,2022,42,0,16,26,38675,17397,21278,10.85972850678733,10.85972850678733,14.94510547795597,7.519503712754958
89.0,2018,1,0,1,0,15231,7533,7698,0.6565557087518876,0.6565557087518876,0.0,1.2990387113535984
89.0,2019,8,0,4,4,15994,7940,8054,5.00187570338877,5.00187570338877,5.037783375314861,4.966476285075739
89.0,2020,1,0,0,1,16346,8099,8247,0.6117704637220115,0.6117704637220115,1.2347203358439314,0.0
89.0,2021,2,0,1,1,16520,8159,8361,1.2106537530266344,1.2106537530266344,1.2256403971074887,1.196029183112068
89.0,2022,3,0,1,2,16570,8137,8433,1.8105009052504526,1.8105009052504526,2.457908320019663,1.1858176212498517
90.0,2018,61,0,26,35,46307,22621,23686,13.172954412939728,13.172954412939728,15.472348702533045,10.976948408342482
90.0,2019,64,0,29,35,48445,23772,24673,13.21085767365053,13.21085767365053,14.723203769140165,11.753738904875775
90.0,2020,29,0,7,22,49381,24226,25155,5.872704076466658,5.872704076466658,9.081152480805745,2.78274696879348
90.0,2021,65,0,29,36,49773,24378,25395,13.059289172844714,13.059289172844714,14.767413241447205,11.41957078164993
90.0,2022,60,0,30,30,49804,24291,25513,12.047225122480121,12.047225122480121,12.350253180190194,11.75871124524752
91.0,2018,97,0,50,47,10027,4998,5029,96.73880522589009,96.73880522589009,94.03761504601842,99.4233446013124
91.0,2019,114,0,47,67,10453,5227,5226,109.05960011479958,109.05960011479958,128.18060072699444,89.93494068120934
91.0,2020,46,0,20,26,10950,5474,5476,42.00913242009132,42.00913242009132,47.4972597734746,36.52300949598247
91.0,2021,67,0,24,43,11465,5724,5741,58.43872655909289,58.43872655909289,75.12229210342417,41.80456366486675
91.0,2022,58,0,20,38,11907,5937,5970,48.71084236163601,48.71084236163601,64.00538992757285,33.50083752093802
92.0,2018,40,0,15,25,12041,5866,6175,33.219832239847186,33.219832239847186,42.61847937265598,24.291497975708502
92.0,2019,26,0,12,14,12200,5967,6233,21.311475409836067,21.311475409836067,23.462376403552877,19.252366436707845
92.0,2020,18,0,7,11,12322,6030,6292,14.608018178867068,14.608018178867068,18.24212271973466,11.125238397965672
92.0,2021,18,0,8,10,12452,6093,6359,14.455509155155799,14.455509155155799,16.412276382734287,12.580594433086963
92.0,2022,28,0,10,18,12502,6119,6383,22.396416573348265,22.396416573348265,29.41657133518549,15.666614444618519
92.0,2023,1,0,0,1,12525,6138,6387,0.7984031936127745,0.7984031936127745,1.6291951775822744,0.0
93.0,2018,273,0,119,154,16323,8457,7866,167.24866752435213,167.24866752435213,182.0976705687596,151.2840071192474
93.0,2019,278,0,127,151,16733,8688,8045,166.13876770453595,166.13876770453595,173.80294659300185,157.86202610316965
93.0,2020,130,0,51,79,17187,8904,8283,75.63856403095363,75.63856403095363,88.72416891284816,61.571894241216945
93.0,2021,131,0,51,80,17660,9118,8542,74.17893544733862,74.17893544733862,87.7385391533231,59.70498712245376
93.0,2022,175,0,67,108,18006,9271,8735,97.18982561368432,97.18982561368432,116.49228777909612,76.7029192902118
94.0,2018,115,0,63,52,17075,9012,8063,67.34992679355783,67.34992679355783,57.70084332001775,78.13468932159246
94.0,2019,123,0,46,77,17345,9085,8260,70.91380801383684,70.91380801383684,84.75509080902586,55.690072639225185
94.0,2020,50,0,21,29,17508,9175,8333,28.558373315055974,28.558373315055974,31.607629427792915,25.20100804032161
94.0,2021,63,0,28,35,17361,9066,8295,36.28823224468636,36.28823224468636,38.6057798367527,33.755274261603375
94.0,2022,71,0,28,43,17171,8942,8229,41.34878574340458,41.34878574340458,48.08767613509282,34.02600558998663
95.0,2018,33,0,13,20,20406,10293,10113,16.17171420170538,16.17171420170538,19.43068104537064,12.854741421932166
95.0,2019,31,0,15,16,20700,10469,10231,14.975845410628018,14.975845410628018,15.28321711720317,14.661323428794839
95.0,2020,39,0,12,27,21017,10622,10395,18.55640671837084,18.55640671837084,25.418941818866504,11.544011544011545
95.0,2021,31,0,10,21,21364,10777,10587,14.510391312488299,14.510391312488299,19.485942284494758,9.445546424860678
95.0,2022,27,0,8,19,21556,10859,10697,12.525514937836332,12.525514937836332,17.497007090892346,7.47873235486585
96.0,2018,16,0,3,13,44303,21564,22739,3.6114935783129813,3.6114935783129813,6.028566128733074,1.319319231276661
96.0,2019,10,0,2,8,44918,21928,22990,2.2262789972839396,2.2262789972839396,3.6483035388544325,0.8699434536755112
96.0,2020,8,0,4,4,45384,22140,23244,1.7627357659086902,1.7627357659086902,1.806684733514002,1.7208742040956808
96.0,2021,14,0,5,9,45879,22331,23548,3.051505045881558,3.051505045881558,4.030271819443822,2.123322575165619
96.0,2022,21,0,6,15,46044,22372,23672,4.560854834506125,4.560854834506125,6.704809583407831,2.5346400811084826
97.0,2018,304,0,155,149,33942,15780,18162,89.56455129338283,89.56455129338283,94.4233206590621,85.34302389604669
97.0,2019,421,0,199,222,35313,16528,18785,119.21955087361594,119.21955087361594,134.31752178121977,105.93558690444503
97.0,2020,177,0,82,95,35901,16841,19060,49.30224784824936,49.30224784824936,56.40995190309364,43.02203567681007
97.0,2021,271,0,131,140,36082,16937,19145,75.10670140236128,75.10670140236128,82.65926669421977,68.4251762862366
97.0,2022,244,0,101,143,36008,16870,19138,67.76271939568984,67.76271939568984,84.76585655008891,52.77458459609154
97.0,2023,2,0,1,1,35832,16761,19071,0.5581603036392052,0.5581603036392052,0.5966231131794045,0.5243563525772115
98.0,2018,135,0,52,83,39720,18906,20814,33.987915407854985,33.987915407854985,43.9014069607532,24.98318439511867
98.0,2019,184,0,82,102,40963,19865,21098,44.91858506457047,44.91858506457047,51.34658947898314,38.86624324580529
98.0,2020,103,0,32,71,40934,19897,21037,25.162456637514047,25.162456637514047,35.68377142282756,15.211294386081665
98.0,2021,130,0,46,84,40566,19750,20816,32.046541438643196,32.046541438643196,42.53164556962025,22.098385857033055
98.0,2022,97,0,43,54,39961,19462,20499,24.273666825154525,24.273666825154525,27.746377556263486,20.97663300648812
98.0,2023,1,0,1,0,39311,19146,20165,0.2543817252168604,0.2543817252168604,0.0,0.49590875278948676
99.0,2018,240,0,103,137,23444,11623,11821,102.37160894045385,102.37160894045385,117.86974103071496,87.133068268336
99.0,2019,249,0,98,151,24347,12130,12217,102.27132706288248,102.27132706288248,124.48474855729596,80.21609233035933
99.0,2020,97,0,45,52,24656,12293,12363,39.34133679428942,39.34133679428942,42.30049621735947,36.39893229798592
99.0,2021,138,0,56,82,24681,12298,12383,55.91345569466391,55.91345569466391,66.67750853797365,45.223289994347084
99.0,2022,161,0,58,103,24533,12186,12347,65.62589165613663,65.62589165613663,84.52322337108157,46.97497367781647
99.0,2023,1,0,1,0,24313,12044,12269,0.4113025953193765,0.4113025953193765,0.0,0.8150623522699487
100.0,2018,115,0,46,69,33749,16059,17690,34.07508370618389,34.07508370618389,42.9665608070241,26.00339174674958
100.0,2019,140,0,58,82,35496,16396,19100,39.44106378183457,39.44106378183457,50.01219809709685,30.366492146596862
100.0,2020,72,0,18,54,35859,16599,19260,20.07864134526897,20.07864134526897,32.53208024579794,9.345794392523365
100.0,2021,109,0,42,67,36268,16800,19468,30.054042130804017,30.054042130804017,39.88095238095239,21.573864803780562
100.0,2022,97,0,29,68,36472,16947,19525,26.595744680851062,26.595744680851062,40.12509588717767,14.852752880921896
101.0,2018,123,0,64,59,25536,12292,13244,48.1672932330827,48.1672932330827,47.99869834038399,48.32376925400181
101.0,2019,154,0,68,86,26793,12524,14269,57.47769939909678,57.47769939909678,68.66815713829448,47.655757235966085
101.0,2020,85,0,35,50,26970,12636,14334,31.516499814608824,31.516499814608824,39.56948401392846,24.41746895493233
101.0,2021,91,0,29,62,27179,12742,14437,33.481732219728464,33.481732219728464,48.65798147857479,20.087275749809518
101.0,2022,114,0,49,65,27236,12809,14427,41.85636657365252,41.85636657365252,50.74556952143024,33.96409509946628
102.0,2018,229,0,88,141,35073,17460,17613,65.29239015767114,65.29239015767114,80.75601374570448,49.96309544086754
102.0,2019,291,0,101,190,39473,18761,20712,73.72127783548248,73.72127783548248,101.27391930067694,48.76400154499807
102.0,2020,170,0,47,123,39822,18926,20896,42.68997036813821,42.68997036813821,64.98996090034873,22.492343032159265
102.0,2021,228,0,71,157,39716,18779,20937,57.40759391680935,57.40759391680935,83.60402577347035,33.91125758227062
102.0,2022,195,0,70,125,39345,18509,20836,49.561570720548985,49.561570720548985,67.53471284240099,33.59569975043194
102.0,2023,2,0,0,2,39019,18312,20707,0.51257079884159,0.51257079884159,1.09217999126256,0.0
103.0,2018,10,0,3,7,1339,688,651,74.68259895444362,74.68259895444362,101.74418604651163,46.08294930875576
103.0,2019,18,0,4,14,1356,709,647,132.7433628318584,132.7433628318584,197.46121297602258,61.82380216383307
103.0,2020,6,0,3,3,1325,693,632,45.28301886792453,45.28301886792453,43.29004329004329,47.46835443037975
103.0,2021,10,0,3,7,1282,673,609,78.003120124805,78.003120124805,104.01188707280832,49.26108374384236
103.0,2022,9,0,2,7,1233,647,586,72.99270072992701,72.99270072992701,108.19165378670787,34.129692832764505
104.0,2018,55,0,24,31,2937,1546,1391,187.26591760299627,187.26591760299627,200.51746442432082,172.53774263120056
104.0,2019,70,0,30,40,3087,1586,1501,226.75736961451247,226.75736961451247,252.20680958385876,199.86675549633577
104.0,2020,34,0,10,24,3109,1610,1499,109.35992280476037,109.35992280476037,149.06832298136646,66.711140760507
104.0,2021,25,0,10,15,3131,1633,1498,79.84669434685404,79.84669434685404,91.85548071034906,66.75567423230974
104.0,2022,27,0,10,17,3139,1650,1489,86.01465434851863,86.01465434851863,103.03030303030303,67.15916722632639
105.0,2018,18,0,8,10,2482,1423,1059,72.522159548751,72.522159548751,70.27406886858749,75.54296506137867
105.0,2019,16,0,9,7,2616,1504,1112,61.162079510703364,61.162079510703364,46.54255319148936,80.93525179856115
105.0,2020,8,0,3,5,2874,1678,1196,27.83576896311761,27.83576896311761,29.797377830750893,25.08361204013378
105.0,2021,9,0,7,2,3136,1854,1282,28.698979591836736,28.698979591836736,10.787486515641854,54.6021840873635
105.0,2022,4,0,1,3,3379,2022,1357,11.837821840781297,11.837821840781297,14.836795252225519,7.369196757553427
106.0,2018,32,0,17,15,35620,16336,19284,8.983717012914093,8.983717012914093,9.182174338883447,8.815598423563577
106.0,2019,41,0,13,28,37578,16706,20872,10.91063920378945,10.91063920378945,16.760445348976415,6.228440015331545
106.0,2020,25,0,14,11,38073,16960,21113,6.566333096945343,6.566333096945343,6.485849056603773,6.630985648652489
106.0,2021,25,0,8,17,38617,17206,21411,6.473832767951938,6.473832767951938,9.880274322910612,3.73639717902013
106.0,2022,33,0,12,21,38932,17394,21538,8.476317682112402,8.476317682112402,12.073128665056915,5.571547961742038
107.0,2018,67,0,32,35,25448,11749,13699,26.32819867966048,26.32819867966048,29.789769342071665,23.359369297028977
107.0,2019,62,0,26,36,26739,11967,14772,23.18710497774786,23.18710497774786,30.082727500626724,17.60086650419713
107.0,2020,36,0,9,27,26931,12057,14874,13.367494708700011,13.367494708700011,22.39363025628266,6.050826946349334
107.0,2021,49,0,15,34,27157,12142,15015,18.043230106418235,18.043230106418235,28.001976610113655,9.99000999000999
107.0,2022,45,0,22,23,27235,12192,15043,16.52285661832201,16.52285661832201,18.864829396325458,14.624742405105364
108.0,2018,63,0,15,48,5977,2974,3003,105.4040488539401,105.4040488539401,161.3987895090787,49.95004995004995
108.0,2019,92,0,33,59,6185,3095,3090,148.74696847210993,148.74696847210993,190.63004846526655,106.79611650485437
108.0,2020,41,0,13,28,6407,3194,3213,63.99250819416264,63.99250819416264,87.66437069505322,40.460628695922814
108.0,2021,46,0,13,33,6571,3269,3302,70.00456551514229,70.00456551514229,100.9483022330988,39.37007874015748
108.0,2022,42,0,17,25,6710,3325,3385,62.59314456035767,62.59314456035767,75.18796992481202,50.22156573116691
108.0,2023,1,0,0,1,6832,3373,3459,1.4637002341920375,1.4637002341920375,2.964719833975689,0.0
109.0,2018,55,0,34,21,21236,9763,11473,25.899416085891882,25.899416085891882,21.50978182935573,29.634794735465874
109.0,2019,48,0,22,26,22721,10122,12599,21.125830729281283,21.125830729281283,25.686623196996642,17.46170330978649
109.0,2020,34,0,17,17,23397,10426,12971,14.531777578322007,14.531777578322007,16.305390370228277,13.106159895150721
109.0,2021,41,0,15,26,24099,10726,13373,17.013154072783102,17.013154072783102,24.240164087264592,11.216630524190531
109.0,2022,33,0,13,20,24661,10992,13669,13.381452495843641,13.381452495843641,18.19505094614265,9.510571365864365
110.0,2018,64,0,31,33,42871,20206,22665,14.928506449581302,14.928506449581302,16.331782638820155,13.677476285020957
110.0,2019,74,0,34,40,44029,20708,23321,16.807104408458063,16.807104408458063,19.31620629708325,14.579134685476609
110.0,2020,36,0,13,23,44709,21075,23634,8.052070053009462,8.052070053009462,10.913404507710558,5.5005500550055
110.0,2021,61,0,27,34,45154,21304,23850,13.509323647960313,13.509323647960313,15.959444235824257,11.320754716981133
110.0,2022,49,0,18,31,45341,21403,23938,10.806995875697492,10.806995875697492,14.483950848011961,7.519425181719441
111.0,2018,62,0,27,35,10700,8209,2491,57.94392523364486,57.94392523364486,42.63613107564868,108.39020473705338
111.0,2019,67,0,35,32,11206,8709,2497,59.789398536498304,59.789398536498304,36.743598576185555,140.16820184221064
111.0,2020,42,0,16,26,11775,9297,2478,35.6687898089172,35.6687898089172,27.966010541034745,64.56820016142049
111.0,2021,53,0,22,31,12255,9822,2433,43.24765401876785,43.24765401876785,31.561800040724904,90.42334566378956
111.0,2022,54,0,21,33,12670,10287,2383,42.62036306235201,42.62036306235201,32.079323417906096,88.12421317666806
111.0,2023,2,0,0,2,13076,10743,2333,1.5295197308045274,1.5295197308045274,1.8616773713115518,0.0
112.0,2018,86,0,43,43,43620,20259,23361,19.715726730857405,19.715726730857405,21.225134508119847,18.406746286545953
112.0,2019,96,0,40,56,46245,21402,24843,20.75900097307817,20.75900097307817,26.165778899168302,16.101115002213902
112.0,2020,75,0,25,50,48912,22660,26252,15.333660451422963,15.333660451422963,22.065313327449246,9.523083955508152
112.0,2021,87,0,42,45,51360,23789,27571,16.939252336448597,16.939252336448597,18.91630585564757,15.233397410322441
112.0,2022,59,0,27,32,53534,24780,28754,11.021033361975567,11.021033361975567,12.913640032284102,9.389997913333797
112.0,2023,2,0,0,2,55562,25714,29848,0.3599582448435982,0.3599582448435982,0.7777864198491093,0.0
113.0,2018,56,0,23,33,37827,17598,20229,14.80424035741666,14.80424035741666,18.752130923968632,11.369815611251173
113.0,2019,51,0,21,30,38880,18156,20724,13.117283950617285,13.117283950617285,16.523463317911435,10.13317892298784
113.0,2020,37,0,21,16,40752,19017,21735,9.079308990969768,9.079308990969768,8.413524741021192,9.66183574879227
113.0,2021,26,0,5,21,42429,19776,22653,6.127884230125622,6.127884230125622,10.61893203883495,2.2072131726482143
113.0,2022,22,0,6,16,43863,20414,23449,5.015616806875955,5.015616806875955,7.837758401097286,2.55874450936074
114.0,2018,40,0,18,22,42000,19461,22539,9.523809523809524,9.523809523809524,11.3046606032578,7.986157327299348
114.0,2019,60,0,22,38,42974,19838,23136,13.961930469586262,13.961930469586262,19.155156769835667,9.508990318118949
114.0,2020,39,0,17,22,43349,20021,23328,8.99674732981153,8.99674732981153,10.98846211477948,7.287379972565158
114.0,2021,47,0,18,29,43500,20076,23424,10.804597701149424,10.804597701149424,14.445108587368003,7.684426229508197
114.0,2022,45,0,22,23,43395,20004,23391,10.369858278603525,10.369858278603525,11.49770045990802,9.40532683510752
114.0,2023,1,0,0,1,43185,19895,23290,0.2315618849137432,0.2315618849137432,0.5026388539834129,0.0
115.0,2018,62,0,27,35,17190,8131,9059,36.067481093659104,36.067481093659104,43.045135899643334,29.804614195827355
115.0,2019,72,0,30,42,17600,8297,9303,40.909090909090914,40.909090909090914,50.62070627937808,32.24766204450177
115.0,2020,30,0,13,17,17775,8377,9398,16.877637130801688,16.877637130801688,20.293661215232184,13.83273036816344
115.0,2021,48,0,17,31,17858,8402,9456,26.878709821928545,26.878709821928545,36.89597714829802,17.978003384094755
115.0,2022,25,0,15,10,17835,8373,9462,14.017381553125876,14.017381553125876,11.943150603129105,15.85288522511097
116.0,2018,43,0,19,24,11820,5550,6270,36.37901861252115,36.37901861252115,43.24324324324324,30.303030303030305
116.0,2019,47,0,25,22,11944,5613,6331,39.350301406563965,39.350301406563965,39.194726527703544,39.488232506713004
116.0,2020,43,0,14,29,12159,5711,6448,35.36475039065713,35.36475039065713,50.779198038872345,21.712158808933005
116.0,2021,37,0,16,21,12296,5772,6524,30.091086532205598,30.091086532205598,36.38253638253639,24.52483139178418
116.0,2022,28,0,12,16,12361,5789,6572,22.65188900574387,22.65188900574387,27.638624978407325,18.25928180158247
117.0,2018,16,0,2,14,756,499,257,211.64021164021162,211.64021164021162,280.56112224448896,77.82101167315176
117.0,2019,29,0,12,17,790,522,268,367.0886075949367,367.0886075949367,325.6704980842912,447.76119402985074
117.0,2020,15,0,7,8,823,550,273,182.26002430133656,182.26002430133656,145.45454545454547,256.4102564102564
117.0,2021,18,0,7,11,853,576,277,211.01992966002345,211.01992966002345,190.97222222222223,252.7075812274368
117.0,2022,13,0,4,9,876,596,280,148.40182648401824,148.40182648401824,151.006711409396,142.85714285714286
