codigo_localidad,AÑO,semester,theft_to_people,homicide,sexual,theft_to_vehicle,theft_to_motorbike,dia_Domingo,dia_Jueves,dia_Lunes,dia_Martes,dia_Miércoles,dia_Sábado,dia_Viernes,genero_FEMENINO,genero_MASCULINO,TOTAL_POBLACION,Hombre,Mujer,crime_index,theft_to_people_index,homicide_index,sexual_index,theft_to_vehicle_index,theft_to_motorbike_index,male_index,female_index
1.0,2015,1,1226,22,96,30,27,150,227,182,208,221,194,219,563,837,520039,239025,281014,26.94028717076988,23.575154940302557,0.42304519468732155,1.846015394999221,0.5768798109372566,0.519191829843531,35.01725760903671,20.03458902403439
1.0,2015,2,941,15,94,29,22,119,152,136,160,183,165,186,492,609,520039,239025,281014,21.17148906139732,18.094796736398617,0.2884399054686283,1.8075567409367375,0.5576504839060148,0.42304519468732155,25.47850643238155,17.508024511234318
1.0,2016,1,1349,15,145,33,34,169,248,199,261,244,225,230,685,889,524100,240869,283231,30.070597214272087,25.73936271703873,0.28620492272467085,2.7666475863384847,0.6296508299942759,0.6487311581759206,36.90802884555505,24.185205715476062
1.0,2016,2,1594,16,189,34,20,190,293,240,287,270,260,313,837,1016,524100,240869,283231,35.35584812058767,30.414043121541688,0.30528525090631553,3.6061820263308526,0.6487311581759206,0.3816065636328945,42.18060439492006,29.55184990343571
1.0,2017,1,2173,16,103,49,37,203,385,303,358,399,317,413,1027,1351,528441,242910,285531,45.00029331562085,41.120957684963884,0.30277741507566597,1.9491296095495996,0.9272558336692269,0.7001727723624775,55.61730682145651,35.968073519162544
1.0,2017,2,3626,16,125,61,37,330,600,471,612,602,564,686,1729,2135,528441,242910,285531,73.13966932921556,68.61693169152281,0.30277741507566597,2.36544855527864,1.1543388949759765,0.7001727723624775,87.89263513235353,60.55384529175466
1.0,2018,1,4498,12,115,82,37,413,735,568,733,771,614,910,2198,2543,535205,246729,288476,88.63893274539663,84.04256313001561,0.22421315196980598,2.1487093730439737,1.5321232051270075,0.691323885240235,103.0685488937255,76.19351349852327
1.0,2018,2,4564,22,130,77,40,388,792,645,720,787,628,873,2237,2593,535205,246729,288476,90.30184695583934,85.27573546584952,0.4110574452779776,2.428975813006231,1.4387010584729216,0.7473771732326866,105.09506381495487,77.54544572165449
1.0,2019,1,1616,4,16,16,14,132,285,223,290,277,190,269,734,931,550190,253550,296640,30.280448572311382,29.37167160435486,0.07270215743652193,0.29080862974608773,0.29080862974608773,0.25445755102782674,36.718595937684874,24.743797195253503
2.0,2015,1,1912,11,77,8,17,171,291,259,366,330,257,351,860,1165,151241,71048,80193,133.89226466368245,126.42074569726464,0.7273160055804974,5.091212039063482,0.5289570949676344,1.124033826806223,163.97365161580902,107.24128041100845
2.0,2015,2,1429,7,77,9,36,140,262,177,254,235,197,293,641,917,151241,71048,80193,103.01439424494681,94.4849610885937,0.46283745809668014,5.091212039063482,0.5950767318385888,2.380306927354355,129.06767255939647,79.93216365518188
2.0,2016,1,1733,9,52,7,30,148,301,241,305,286,231,319,728,1101,152414,71860,80554,120.13332108598948,113.70346556090648,0.59049693597701,3.4117600745338357,0.45927539464878553,1.9683231199233666,153.2145839131645,90.37415894927626
2.0,2016,2,1542,23,39,19,49,156,262,208,224,271,249,302,686,986,152414,71860,80554,109.70120855039563,101.17180836406104,1.509047725274581,2.5588200559003766,1.2466046426181323,3.2149277625414987,137.21124408572223,85.1602651637411
2.0,2017,1,2660,8,55,24,48,262,422,297,423,397,433,561,1171,1624,153665,72719,80946,181.88917450297726,173.10382975954184,0.5206130218332086,3.5792145251033096,1.5618390654996257,3.1236781309992514,223.32540326462137,144.664344130655
2.0,2017,2,4411,13,65,43,28,409,698,498,596,708,736,915,2050,2510,153665,72719,80946,296.7494224449289,287.0530049132854,0.845996160478964,4.22998080239482,2.798294992353496,1.8221455764162302,345.16426243485193,253.25525659081364
2.0,2018,1,4794,11,98,33,19,415,791,539,652,774,730,1054,2393,2561,155619,73954,81665,318.4058501853887,308.06006978582303,0.7068545614610041,6.297431547561673,2.1205636843830122,1.220930606159916,346.2963463774779,293.02638829363866
2.0,2018,2,5447,9,119,26,17,492,897,646,739,791,835,1218,2598,3019,155619,73954,81665,361.009902389811,350.02152693437176,0.5783355502862761,7.6468811648963175,1.6707471452714642,1.0924115949851883,408.22673553830765,318.1289414069675
2.0,2019,1,1776,2,21,5,7,147,303,200,301,275,234,351,828,983,162232,77517,84715,111.63025790226342,109.47285369101041,0.12328024064302974,1.2944425267518123,0.30820060160757434,0.43148084225060407,126.81089309441799,97.73947943103347
3.0,2015,1,907,25,40,6,21,88,161,148,155,157,127,163,392,607,101369,50385,50984,98.55083901389972,89.47508607167872,2.466237212560053,3.9459795400960846,0.5918969310144127,2.0716392585504444,120.47236280639079,76.8868664679115
3.0,2015,2,765,33,51,4,20,78,160,99,142,146,115,133,358,515,101369,50385,50984,86.12100346259705,75.46685870433761,3.25543312057927,5.031123913622507,0.39459795400960845,1.9729897700480423,102.21296020641063,70.21810764161306
3.0,2016,1,1090,34,39,7,13,106,203,179,188,170,152,185,459,723,101667,50483,51184,116.36027422860909,107.21276323684185,3.344251330323507,3.8360529965475525,0.6885223327136631,1.2786843321825174,143.2165283362716,89.67646139418568
3.0,2016,2,959,24,48,9,15,78,172,125,179,185,132,184,405,650,101667,50483,51184,103.77015157327352,94.32755958177187,2.360647997875417,4.721295995750834,0.8852429992032812,1.4754049986721356,128.75621496345303,79.12628946545796
3.0,2017,1,2079,25,67,58,40,199,335,287,398,334,279,437,889,1380,102114,50672,51442,222.20263626926769,203.59598096245372,2.4482441193176254,6.561294239771236,5.679926356816891,3.9171905909082008,272.33975371013577,172.81598693674428
3.0,2017,2,3063,16,77,54,37,236,500,409,517,550,438,597,1512,1733,102114,50672,51442,317.9779462169732,299.9588694987955,1.5668762363632802,7.5405918874982865,5.288207297726071,3.6234012965900857,342.003473318598,293.92325337273047
3.0,2018,1,3409,11,80,21,31,269,567,457,517,579,456,707,1623,1927,103100,51178,51922,344.51988360814744,330.6498545101843,1.066925315227934,7.759456838021339,2.0368574199806013,3.0067895247332683,376.52897729493145,312.58426100689496
3.0,2018,2,3721,20,75,15,11,299,635,462,581,606,556,703,1764,2077,103100,51178,51922,372.64791464597477,360.9117361784675,1.9398642095053347,7.274490785645005,1.454898157129001,1.066925315227934,405.8384462073547,339.74037980046995
3.0,2019,1,1088,5,12,3,8,78,166,154,206,189,126,197,476,639,105004,52279,52725,106.28166546036341,103.6151003771285,0.47617233629195077,1.1428136071006818,0.28570340177517045,0.7618757380671213,122.22881080357314,90.27975343764818
4.0,2015,1,542,36,70,61,73,120,111,118,132,114,93,94,292,490,382192,185147,197045,20.46092016578055,14.1813538744924,0.9419349436932223,1.8315401682923766,1.596056432369071,1.9100347469334784,26.46545717726995,14.818949986043796
4.0,2015,2,355,51,60,62,102,92,99,69,87,95,88,100,225,405,382192,185147,197045,16.48386151463139,9.288525139197052,1.3344078368987315,1.569891572822037,1.6222212919161048,2.668815673797463,21.87451052407006,11.418711461848817
4.0,2016,1,556,36,95,46,61,108,122,109,138,105,80,132,309,485,382047,184870,197177,20.782783270121215,14.5531832470874,0.9422924404588964,2.4866050512109767,1.2040403405863676,1.5966621907775744,26.234651376643047,15.67119897351111
4.0,2016,2,597,40,104,69,71,104,155,110,123,139,118,132,315,565,382047,184870,197177,23.059990001230215,15.626349637610033,1.046991600509885,2.7221781613257003,1.8060605108795513,1.8584100909050456,30.562016552171798,15.975494099210355
4.0,2017,1,853,23,99,58,72,128,180,142,144,184,157,170,476,629,382640,185012,197628,28.87831904662346,22.29249425047042,0.6010871837758729,2.5872883127744095,1.515785072130462,1.8816642274722977,33.99779473763864,24.08565587872164
4.0,2017,2,1066,36,61,52,76,143,206,156,214,212,173,187,523,768,382640,185012,197628,33.73928496759356,27.85908425674263,0.9408321137361488,1.5941877482751412,1.358979719841104,1.9862011289985366,41.510820919724125,26.46386139615844
4.0,2018,1,1106,18,165,69,105,153,219,193,230,224,211,233,631,831,385458,186876,198582,37.954848517867056,28.693139070923422,0.46697694690472114,4.280622013293277,1.7900782964680977,2.72403219027754,44.46798946895267,31.775286783293552
4.0,2018,2,1180,29,140,53,88,181,246,189,213,237,192,232,682,806,385458,186876,198582,38.65531393822414,30.612933185976164,0.7523517477909396,3.6320429203700533,1.3749876769972347,2.2829984070897478,43.130203985530514,34.34349538226022
4.0,2019,1,444,6,27,24,21,68,90,69,72,92,68,63,203,319,392261,189882,202379,13.307466202349966,11.318994241079281,0.1529593816362065,0.6883172173629293,0.611837526544826,0.5353578357267228,16.799907310856216,10.03068500190237
5.0,2015,1,337,69,75,52,47,96,81,72,72,83,83,93,198,381,346583,170099,176484,16.7348081123425,9.723500575619692,1.9908651030200557,2.1639838076304954,1.5003621066238102,1.3560965194484438,22.398720744977926,11.219147344801796
5.0,2015,2,273,62,76,48,53,64,83,59,88,76,62,80,175,337,346583,170099,176484,14.772796126757514,7.876901059775004,1.7888932809745428,2.192836925065569,1.384949636883517,1.5292152240588832,19.81199184004609,9.915913057274315
5.0,2016,1,434,54,110,26,49,66,116,91,80,123,93,104,256,414,348770,171073,177697,19.29638443673481,12.443730825472375,1.5482983054735213,3.1539409926312474,0.7454769618946584,1.4049373512630101,24.200195238290085,14.406545974327086
5.0,2016,2,373,64,93,53,72,86,106,101,100,94,76,92,226,429,348770,171073,177697,18.78028500157697,10.694727184104137,1.8350202138945435,2.6665137483155084,1.519626114631419,2.0643977406313616,25.077013906344074,12.71827886796063
5.0,2017,1,592,60,115,39,82,111,117,134,127,162,120,117,343,545,351225,172242,178983,25.282938287422592,16.85529219161506,1.708306641042067,3.2742543953306282,1.1103993166773436,2.3346857427574914,31.64152761811869,19.163831201845987
5.0,2017,2,760,41,87,35,59,104,135,135,154,148,154,152,412,570,351225,172242,178983,27.9592853583885,21.63855078653285,1.1673428713787457,2.4770446295109974,0.996512207274539,1.6798348636913658,33.092973839133315,23.018945933412674
5.0,2018,1,867,47,161,42,98,108,211,157,171,195,181,192,505,708,355461,172886,182575,34.180965000379786,24.390861444715455,1.322226629644321,4.5293295185688445,1.1815642222353508,2.756983185215818,40.951841097601886,27.65986580857182
5.0,2018,2,1030,44,195,42,81,151,226,186,231,183,189,226,616,770,355461,172886,182575,39.16041422265734,28.976455926247887,1.237829185198939,5.485833888949843,1.1815642222353508,2.2787310000253194,44.53801927281561,33.739559085307405
5.0,2019,1,370,14,37,11,26,38,71,52,64,86,71,76,185,273,366436,179231,187205,12.498771954720606,10.097261186128,0.38205853136700546,1.0097261186128001,0.3001888460740757,0.7095372725387243,15.2317400449699,9.882214684436848
6.0,2015,1,408,18,34,38,58,59,83,61,81,95,82,95,194,362,170388,83364,87024,32.6314059675564,23.945348263962252,1.0564124234100993,1.995445688663521,2.2302040049768763,3.4039955865436538,43.42401996065448,22.292700864129433
6.0,2015,2,297,28,29,44,65,64,68,60,74,73,59,65,145,318,170388,83364,87024,27.173275113270886,17.430804986266637,1.6433082141934878,1.7019977932718269,2.5823414794469093,3.814822640092025,38.145962285878795,16.662070233498806
6.0,2016,1,511,20,62,50,46,75,115,111,97,100,101,90,246,443,170248,83365,86883,40.470372632865,30.015036887364317,1.1747568253371552,3.6417461585451814,2.936892063342888,2.7019406982754566,53.13980687338811,28.313939435792964
6.0,2016,2,448,14,49,54,55,58,101,77,110,100,82,92,206,414,170248,83365,86883,36.41746158545181,26.314552887552278,0.8223297777360087,2.8781542220760303,3.171843428410319,3.230581269677177,49.661128771067,23.710046844607117
6.0,2017,1,616,14,42,50,53,81,123,114,118,125,114,100,310,465,170440,83545,86895,45.470546819995306,36.14175076273175,0.8214034264257216,2.464210279277165,2.933583665806149,3.1095986857545177,55.65862708719852,35.67524023246447
6.0,2017,2,940,12,31,48,41,117,167,132,148,163,179,166,428,644,170440,83545,86895,62.89603379488383,55.1513729171556,0.7040600797934757,1.8188218727998122,2.816240319173903,2.405538605961042,77.08420611646419,49.25484780482191
6.0,2018,1,1005,8,64,46,62,101,173,178,191,181,161,200,478,706,171632,83369,88263,69.043068891582,58.555514123240414,0.4661135452596253,3.7289083620770023,2.6801528852428453,3.6123799757620954,84.68375535270904,54.156328246264
6.0,2018,2,1159,14,78,77,50,139,217,202,201,201,193,225,557,821,171632,83369,88263,80.28805817097044,67.5281998694882,0.8156987042043442,4.544607066281346,4.486342873123893,2.913209657872658,98.47785147956674,63.10685111541643
6.0,2019,1,375,24,13,17,10,35,82,47,62,74,69,70,162,277,175481,85805,89676,25.01695340236265,21.369834910902036,1.3676694342977302,0.7408209435779373,0.9687658492942256,0.569862264290721,32.28250101975409,18.06503412284223
7.0,2015,1,471,67,103,30,149,89,120,133,133,112,106,127,259,560,671404,325275,346129,12.213212909068163,7.0151503416720775,0.9979088596433742,1.534098694675635,0.4468248625268839,2.2192301505501906,17.216201675505342,7.4827593180577185
7.0,2015,2,555,63,127,54,193,93,160,116,172,169,143,139,326,666,671404,325275,346129,14.77500878755563,8.266259956747353,0.9383322113064564,1.891558584697142,0.8042847525483912,2.8745732822562866,20.47498270694028,9.41845381346261
7.0,2016,1,815,57,134,51,159,132,167,166,205,211,155,180,445,771,677908,327737,350171,17.937537246942064,12.022280309422516,0.8408220584504092,1.9766694005676286,0.752314473350366,2.3454510051511415,23.524960562890367,12.708076910994913
7.0,2016,2,775,68,117,51,144,139,153,151,172,186,171,183,395,760,677908,327737,350171,17.037710131758292,11.432229742088897,1.0030859644671548,1.72589790945084,0.752314473350366,2.1241820424010336,23.189325587284927,11.280203100770766
7.0,2017,1,1303,57,165,61,155,178,259,228,262,280,259,275,660,1080,684570,330392,354178,25.43202302175088,19.033846063952552,0.8326394671107411,2.410272141636356,0.891070306907986,2.264195042143243,32.68844281943873,18.634697807317224
7.0,2017,2,1679,65,90,84,170,222,306,270,290,345,324,331,804,1282,684570,330392,354178,30.50089837416188,24.52634500489358,0.9495011467052311,1.314693895438012,1.2270476357421447,2.4833106913829117,38.80239230974115,22.700450056186437
7.0,2018,1,2041,48,245,83,262,251,420,369,415,421,372,431,1080,1598,694397,334223,360174,38.58023580170997,29.392408089320664,0.691247226010481,3.5282410494284973,1.1952816616431234,3.7730577753072088,47.81238873446771,29.985507004947607
7.0,2018,2,2255,54,283,114,284,336,464,387,447,494,416,446,1182,1800,694397,334223,360174,43.058941786902885,32.47421863861739,0.7776531292617912,4.075478436686795,1.6417121617748924,4.089879420562013,53.85625764833659,32.81747155541488
7.0,2019,1,773,12,42,23,92,90,154,135,153,133,132,145,347,594,707173,340010,367163,13.320644311929328,10.930847190150077,0.16968973645769847,0.5939140776019447,0.32523866154392206,1.3009546461756882,17.47007440957619,9.450843358399403
8.0,2015,1,1307,73,142,210,285,250,297,257,333,290,279,311,630,1386,1001537,483553,517984,20.139046285858633,13.049942238778996,0.7288797118828361,1.4178208094159277,2.096777253361583,2.845626272419292,28.662835304506434,12.16253783900661
8.0,2015,2,1396,76,161,297,313,266,327,311,320,374,312,333,677,1566,1001537,483553,517984,22.395577996619195,13.93857640806081,0.7588336726451445,1.6075292275772137,2.965442115468525,3.125196572867503,32.38528144794883,13.06990177302774
8.0,2016,1,2232,73,196,334,306,363,454,429,460,506,448,481,1005,2132,1004979,484709,520270,31.254384419972954,22.209419301298833,0.7263833373632683,1.9502895085369945,3.3234525298538578,3.0448397429200016,43.98515397898533,19.316893151632804
8.0,2016,2,2063,81,174,366,312,330,458,369,436,436,435,532,956,2040,1004979,484709,520270,29.811568201922626,20.527792123019484,0.8059869907729416,1.7313794616603928,3.6418671434925507,3.1045424829772563,42.08710793486401,18.375074480558172
8.0,2017,1,3485,61,223,382,277,514,655,536,658,634,715,716,1590,2838,1009665,486609,523056,43.856130498729776,34.51639900362992,0.6041607860032783,2.2086533652250995,3.7834331189057755,2.7434842249657065,58.321979248225986,30.39827475451959
8.0,2017,2,4914,64,231,360,283,626,888,690,882,885,944,937,2257,3593,1009665,486609,523056,57.95981835559319,48.66960823639524,0.6338736115444231,2.2878875666681524,3.56553906493738,2.8029098760479965,73.8375163632403,43.15025542198159
8.0,2018,1,5137,69,310,376,400,609,947,815,907,928,1055,1031,2424,3864,1019748,488032,531716,61.70151841435335,50.37519073339688,0.6766377575636334,3.039966736880092,3.687185461506176,3.9225377250065705,79.17513605665204,45.588246357077836
8.0,2018,2,5817,70,293,404,435,715,1098,929,1025,1062,1010,1180,2638,4377,1019748,488032,531716,68.83073072955278,57.04350486590805,0.6864441018761498,2.873258883567313,3.961763102256636,4.2657597759446455,89.68674185299324,49.61295127474065
8.0,2019,1,1863,12,53,114,125,205,346,271,324,381,309,331,767,1400,1027373,493558,533815,21.09263140066947,18.13362819540712,0.11680275810246132,0.5158788482858708,1.1096262019733825,1.2166953969006389,28.365460594296923,14.368273652857262
9.0,2015,1,735,7,72,58,59,104,139,120,142,139,126,161,327,604,356388,168448,187940,26.123214025163588,20.62359001986599,0.19641514304634275,2.0202700427623825,1.6274397566696972,1.6554990628191746,35.85676291793313,17.3991699478557
9.0,2015,2,839,11,54,55,47,105,169,145,140,178,122,147,340,665,356388,168448,187940,28.227661986374404,23.54175785941165,0.3086523676442529,1.5152025320717868,1.5432618382212646,1.3187873890254442,39.4780585106383,18.090880068106845
9.0,2016,1,1120,11,58,36,67,126,213,169,202,206,177,199,449,843,358804,169348,189456,36.00851718486973,31.214813658710607,0.3065740627194792,1.6164814216117993,1.003333296172841,1.8673147456550094,49.779152986749175,23.69943416941137
9.0,2016,2,1081,13,44,46,73,126,204,184,202,187,141,213,441,816,358804,169348,189456,35.03305425803503,30.12786925452336,0.3623148013957481,1.2262962508779167,1.2820369895541854,2.0345369616838163,48.184802891088175,23.27717253610337
9.0,2017,1,1658,10,98,78,77,154,333,236,269,325,267,337,764,1157,361474,170407,191067,53.14351792936698,45.86775259078108,0.27664506990820914,2.71112168510045,2.1578315452840315,2.1301670382932105,67.89627186676603,39.98597350667566
9.0,2017,2,2820,10,118,74,61,281,456,402,506,529,405,504,1433,1648,361474,170407,191067,85.28967505270089,78.01390971411499,0.27664506990820914,3.264411824916868,2.047173517320748,1.6875349264400759,96.70964220953364,74.99986915584586
9.0,2018,1,2860,6,101,69,94,223,486,417,507,542,415,540,1390,1739,365884,173463,192421,85.54623869860393,78.16685069584895,0.1639864000612216,2.7604377343638964,1.8858436007040482,2.5691202676258045,100.25192692389732,72.23743770170616
9.0,2018,2,3294,13,104,70,84,310,562,455,547,579,480,632,1587,1974,365884,173463,192421,97.4352527030425,90.02853363361065,0.3553038667993135,2.842430934394508,1.9131746673809185,2.295809600857102,113.79948461631588,82.47540549108464
9.0,2019,1,1169,2,21,19,17,101,211,145,210,227,132,202,506,722,377118,178158,198960,32.56275224200383,30.998255188031333,0.05303379843974566,0.5568548836173293,0.5038210851775836,0.4507872867378381,40.52582539094512,25.432247687977483
10.0,2015,1,759,32,186,139,188,131,171,190,214,232,185,181,463,839,783433,371303,412130,16.644690739348484,9.68812904230483,0.4084586684502695,2.3741660103671913,1.774242341080858,2.3996946771453334,22.59610075867957,11.234319268192076
10.0,2015,2,991,36,153,149,191,167,268,208,222,237,207,211,526,994,783433,371303,412130,19.401786751387803,12.649454388569284,0.4595160020065532,1.9529430085278512,1.9018856749715674,2.437987677312546,26.77058897988974,12.762963142697691
10.0,2016,1,1763,28,116,175,154,203,376,327,340,354,309,327,813,1423,784129,371321,412808,28.51571616404954,22.48354543703906,0.35708410223317844,1.4793484235374537,2.2317756389573655,1.9639625622824817,38.322637286875775,19.69438576771768
10.0,2016,2,1647,27,93,160,205,172,366,271,317,331,296,379,781,1351,784129,371321,412808,27.189403784326302,21.004197013501603,0.34433109858199357,1.1860293395602,2.040480584189591,2.6143657484929137,36.383614177490635,18.919206992112557
10.0,2017,1,2830,29,172,174,234,358,533,430,569,559,456,534,1295,2144,786139,372061,414078,43.74544450790509,35.998722872163825,0.36889150646386965,2.1879082452339853,2.213349038783218,2.9765728452601894,57.624959348063896,31.27430097711059
10.0,2017,2,4119,40,159,209,197,473,778,580,755,742,671,725,2010,2713,786139,372061,414078,60.0911543632869,52.395314314644104,0.5088158709846478,2.022543087163975,2.6585629258947843,2.5059181645993904,72.91815051832899,48.541579122773975
10.0,2018,1,4464,21,194,231,223,467,824,619,806,801,755,861,2092,3041,792518,374253,418265,64.76824501146977,56.326796362984815,0.2649782086968372,2.4478939279612577,2.9147602956652086,2.8138162161616522,81.25519367914218,50.016138094270374
10.0,2018,2,5078,13,188,226,200,528,913,764,874,963,798,865,2334,3370,792518,374253,418265,71.9857466959741,64.07425446488281,0.16403412919328014,2.37218586833359,2.8516702459754857,2.5236019875889255,90.04603837510989,55.80194374379879
10.0,2019,1,1687,5,43,80,80,153,318,253,316,345,225,285,787,1107,802780,379603,423177,23.605470988315602,21.014474700416052,0.06228356461296993,0.5356386556715415,0.9965370338075189,0.9965370338075189,29.162045610809187,18.597419046876368
11.0,2015,1,1412,37,217,85,78,260,260,229,260,285,262,273,782,1046,1117403,527043,590360,16.368311164369526,12.636443610765319,0.33112493880900623,1.942003019501469,0.7606924269936629,0.6980471683000673,19.84657798320061,13.246154888542584
11.0,2015,2,1212,52,211,92,93,190,229,226,235,275,259,246,696,964,1117403,527043,590360,14.855875633052712,10.846579076662582,0.4653647788667115,1.8883070834783868,0.8233376856872587,0.8322870083577724,18.290727701534788,11.78941662714276
11.0,2016,1,1881,44,208,92,111,270,365,290,372,329,342,368,983,1352,1125695,530496,595199,20.75162455194347,16.70967713279352,0.39086964053318174,1.8477473916114047,0.8172728847511982,0.986057502254163,25.48558330317288,16.51548473703753
11.0,2016,2,1979,49,154,108,131,259,403,307,368,357,327,400,967,1454,1125695,530496,595199,21.506713630246203,17.58025042307197,0.4352866451392251,1.368043741866136,0.9594072994905369,1.1637255206783363,27.408312221015805,16.246667081093886
11.0,2017,1,3171,55,208,106,158,434,571,497,557,527,518,594,1520,2178,1134676,534440,600236,32.59080125075352,27.946303614423854,0.48471986716913024,1.8331224067487106,0.9341873803623236,1.3924679820495012,40.75293765436719,25.323372806696035
11.0,2017,2,4800,38,207,142,168,569,816,659,814,803,818,876,2309,3045,1134676,534440,600236,47.19408888528532,42.30282477112409,0.3348973627713991,1.8243093182547265,1.2514585661457545,1.4805988669893433,56.9755257839982,38.46820250701391
11.0,2018,1,5238,46,257,139,160,560,859,744,923,899,889,966,2593,3245,1149040,540726,608314,50.825036552252314,45.58588038710576,0.4003341920211655,2.236649724987816,1.209705493281348,1.3924667548562277,60.01190991370861,42.626012223950134
11.0,2018,2,5531,41,268,184,159,597,953,789,941,963,840,1100,2674,3505,1149040,540726,608314,53.810137157975355,48.135835131936226,0.35681960593190837,2.3323818143841817,1.601336768084662,1.3837638376383763,64.8202601687361,43.957561390992154
11.0,2019,1,1897,6,59,47,52,199,382,258,325,321,269,307,922,1139,1189086,559950,629136,17.332640364111594,15.953429777156572,0.05045892391298863,0.4961794184777215,0.3952615706517443,0.4373106739125681,20.341101884096794,14.655018946618855
12.0,2015,1,631,3,69,34,56,68,132,112,130,112,103,136,303,490,138250,66465,71785,57.35985533453888,45.64195298372513,0.21699819168173598,4.990958408679928,2.4593128390596743,4.050632911392405,73.7230121116377,42.209375217663855
12.0,2015,2,627,7,53,18,36,59,131,100,134,118,82,117,293,448,138250,66465,71785,53.59855334538879,45.352622061482826,0.5063291139240507,3.833634719710669,1.301989150090416,2.603978300180832,67.40389678778304,40.81632653061225
12.0,2016,1,870,7,48,30,48,88,161,127,166,180,123,158,337,666,135739,65218,70521,73.89180707092287,64.09359137757019,0.515695562808036,3.5361981449693896,2.2101238406058688,3.5361981449693896,102.11904688889571,47.78718395938799
12.0,2016,2,812,4,31,31,43,63,163,129,142,142,122,160,360,561,135739,65218,70521,67.85080190660017,59.820685285732175,0.29468317874744915,2.2837946352927307,2.2837946352927307,3.1678441715350782,86.0191971541599,51.048623814183
12.0,2017,1,1353,7,60,42,42,111,240,177,271,252,215,238,567,937,133890,64274,69616,112.33101799985063,101.0531032937486,0.5228172380312197,4.481290611696169,3.136903428187318,3.136903428187318,145.78212029747644,81.44679384049643
12.0,2017,2,2097,5,97,41,42,184,397,292,373,351,306,379,934,1348,133890,64274,69616,170.4384195981776,156.6211068787811,0.37344088430801403,7.244753155575473,3.062215251325715,3.136903428187318,209.72710582817314,134.16455987129396
12.0,2018,1,2087,5,51,45,29,136,361,291,364,387,257,421,932,1285,133126,62070,71056,166.53396030827938,156.76877544581825,0.37558403317158184,3.8309571383501346,3.3802562985442366,2.1783873923951744,207.02432737232158,131.16415221796893
12.0,2018,2,2461,7,49,57,32,194,407,354,391,432,363,465,1079,1527,133126,62070,71056,195.75439808902843,184.86246112705257,0.5258176464402146,3.680723525081502,4.281657978156033,2.4037378122981234,246.01256645722572,151.85206034676875
12.0,2019,1,804,0,9,17,12,49,168,119,150,147,85,124,367,475,138316,65700,72616,60.87509760259117,58.127765406749766,0.0,0.6506839411203331,1.2290696665606293,0.8675785881604443,72.29832572298325,50.53982593367852
13.0,2015,1,930,6,53,22,46,79,159,154,176,179,133,177,417,640,142245,64108,78137,74.30841154346373,65.38015395971739,0.4218074449014025,3.725965763295722,1.5466272979718092,3.233857077577419,99.83153428589256,53.36780270550443
13.0,2015,2,878,3,40,48,48,85,181,152,144,184,119,152,433,584,142245,64108,78137,71.49636191078773,61.72448943723857,0.21090372245070124,2.8120496326760165,3.37445955921122,3.37445955921122,91.09627503587696,55.4154881810154
13.0,2016,1,1246,6,58,36,51,117,240,196,199,213,186,246,528,868,142633,64028,78605,97.94367362391593,87.35706323221133,0.42066001556442056,4.066380150456065,2.5239600933865236,3.5756101322975753,135.56569001062036,67.17129953565295
13.0,2016,2,1109,3,48,46,32,152,198,121,174,203,161,229,503,735,142633,64028,78605,86.79618321145877,77.75199287682373,0.21033000778221028,3.3652801245153645,3.2250601193272246,2.2435200830102433,114.79352783157368,63.99084027733605
13.0,2017,1,1942,2,75,54,50,190,316,259,353,349,271,385,875,1248,143211,64045,79166,148.24280257801428,135.60410862294097,0.1396540768516385,5.237027881936444,3.7706600749942396,3.4913519212909625,194.86298696229213,110.52724654523406
13.0,2017,2,3230,6,160,50,37,327,605,413,531,531,481,595,1566,1917,143211,64045,79166,243.20757483712842,225.54133411539615,0.41896223055491544,11.172326148131079,3.4913519212909625,2.583600421755312,299.3207900694824,197.8121921026703
13.0,2018,1,3341,2,60,47,21,290,578,410,583,532,405,673,1570,1901,144526,67745,76781,240.16439948521372,231.1694781561795,0.13838340506206495,4.151502151861949,3.2520100189585266,1.4530257531516821,280.6111152114547,204.47767025696461
13.0,2018,2,3625,4,53,51,30,348,619,483,577,599,490,647,1594,2167,144526,67745,76781,260.36837662427524,250.8199216749927,0.2767668101241299,3.6671602341447214,3.5287768290826564,2.0757510759309743,319.87600560927007,207.6034435602558
13.0,2019,1,1114,0,16,9,10,90,207,151,200,182,131,188,452,697,152414,69301,83113,75.38677549306495,73.09039851982101,0.0,1.0497723306257956,0.59049693597701,0.6561077066411222,100.57574926768734,54.38379074272377
14.0,2015,1,732,36,34,13,35,76,120,130,106,139,135,144,255,594,73987,34570,39417,114.88504737318718,98.93629962020356,4.865719653452634,4.5954018949274875,1.757065430413451,4.730560774190061,171.82528203644776,64.69289900296826
14.0,2015,2,402,40,49,22,29,41,74,61,87,95,88,96,168,374,73987,34570,39417,73.25611256031465,54.333869463554414,5.406355170502926,6.622785083866085,2.9734953437766096,3.9196074986146217,108.18628868961528,42.62120404901438
14.0,2016,1,725,23,44,22,31,87,126,119,132,134,121,126,264,581,73440,34023,39417,115.0599128540305,98.72004357298476,3.1318082788671022,5.991285403050109,2.9956427015250546,4.221132897603486,170.76683420039384,66.97617779130832
14.0,2016,2,658,29,67,26,32,71,123,104,104,139,138,133,279,532,73440,34023,39417,110.56644880174292,89.59694989106754,3.94880174291939,9.123093681917211,3.5403050108932463,4.357298474945534,156.36481203891483,70.78164243854174
14.0,2017,1,1267,19,36,49,32,111,221,183,246,225,206,211,477,925,73112,33622,39490,191.89736294999454,173.29576540102858,2.598752598752599,4.923952292373345,6.702046175730386,4.37684648210964,275.11748260067816,120.790073436313
14.0,2017,2,1846,37,46,48,54,160,298,219,303,322,410,319,712,1317,73112,33622,39490,277.7929751613962,252.48933143669987,5.060728744939271,6.291716818032607,6.565269723164461,7.3859284385600175,391.7078103622628,180.2988098252722
14.0,2018,1,1990,35,55,42,41,167,334,257,325,332,408,340,801,1359,73277,35873,37404,295.1812983610137,271.572253230891,4.776396413608635,7.505765792813571,5.731675696330362,5.595207227370116,378.8364508125888,214.14821944177095
14.0,2018,2,2429,21,42,40,21,219,433,321,356,356,458,410,951,1601,73277,35873,37404,348.4040012555099,331.48191110443935,2.865837848165181,5.731675696330362,5.458738758409869,2.865837848165181,446.2966576533883,254.25088225858198
14.0,2019,1,753,8,7,13,4,44,127,103,118,131,136,126,281,504,82957,38757,44200,94.62733705413649,90.76991694492328,0.9643550273033017,0.843810648890389,1.5670769193678653,0.48217751365165085,130.0410248471244,63.57466063348416
15.0,2015,1,286,8,16,28,38,52,55,56,54,64,50,45,134,242,81014,38522,42492,46.41173130570024,35.30254030167625,0.987483644802133,1.974967289604266,3.4561927568074653,4.690547312810132,62.821245002855505,31.5353478301798
15.0,2015,2,237,9,19,40,33,33,55,42,44,48,51,65,116,222,81014,38522,42492,41.72118399289011,29.25420297726319,1.1109191004023995,2.345273656405066,4.937418224010665,4.073370034808798,57.62940657286745,27.29925633060341
15.0,2016,1,451,14,21,43,23,59,95,52,85,90,95,76,198,354,80014,37964,42050,68.98792711275527,56.365136101182294,1.7496938035843725,2.624540705376559,5.374059539580573,2.8744969630314694,93.24623327362764,47.08680142687277
15.0,2016,2,472,9,21,37,33,61,81,74,88,88,92,88,213,359,80014,37964,42050,71.48748968930437,58.989676806558855,1.1248031594470969,2.624540705376559,4.624190766615842,4.124278251306022,94.56327046675797,50.653983353151006
15.0,2017,1,744,5,17,59,30,124,116,98,126,132,106,153,333,522,79336,37579,41757,107.76948673994151,93.77836039124735,0.6302309166078451,2.1427851164666736,7.436724815972572,3.7813854996470706,138.90736847707498,79.74710826927222
15.0,2017,2,910,8,29,67,19,112,150,132,148,150,185,156,461,572,79336,37579,41757,130.2057073711808,114.70202682262781,1.0083694665725522,3.6553393163255015,8.445094282545124,2.3948774831098114,152.21267197104766,110.40065138779127
15.0,2018,1,841,10,42,54,26,95,148,117,136,156,168,153,423,549,79229,37925,41304,122.80856756995544,106.14800136313723,1.2621641065771372,5.301089247623976,6.81568617551654,3.2816266771005567,144.75939353988133,102.41138872748401
15.0,2018,2,1060,4,25,62,34,97,190,158,173,188,175,204,509,675,79229,37925,41304,149.56644662939075,133.78939529717655,0.5048656426308549,3.1554102664428427,7.82541746077825,4.291357962362266,177.98286090969017,123.23261669571954
15.0,2019,1,329,2,2,23,14,25,55,56,57,65,54,58,156,214,80095,38097,41998,46.19514326737,41.07622198639116,0.2497034771209189,0.2497034771209189,2.871589986890567,1.7479243398464324,56.17240202640628,37.14462593456832
16.0,2015,1,645,10,49,106,92,87,139,134,125,157,113,147,290,612,240697,116427,124270,37.47450113628338,26.79717653315164,0.41546010128917266,2.035754496316946,4.40387707366523,3.822232931860389,52.56512664588111,23.336283897964112
16.0,2015,2,385,12,70,130,100,67,124,87,123,109,87,100,222,475,240697,116427,124270,28.957569059855338,15.99521389963315,0.49855212154700723,2.908220709024209,5.400981316759245,4.154601012891726,40.79809666142733,17.864327673613904
16.0,2016,1,869,13,67,146,103,101,233,180,197,181,135,171,390,808,240673,116758,123915,49.77708342855243,36.107083054601055,0.5401519904600849,2.7838602585250527,6.066322354397876,4.279665770568364,69.20296682026071,31.47318726546423
16.0,2016,2,655,15,44,133,61,100,157,114,110,137,129,161,315,592,240673,116758,123915,37.72753902598131,27.215350288565812,0.6232522966847133,1.8282067369418258,5.526170363937791,2.534559339851167,50.70316380890389,25.420651252874954
16.0,2017,1,1407,13,83,192,61,160,277,215,269,294,250,291,647,1109,241114,117310,123804,72.82862048657482,58.354139535655335,0.5391640468823876,3.442355068556782,7.96303823087834,2.529923604601972,94.53584519648794,52.26002390875901
16.0,2017,2,2124,13,187,212,80,223,410,322,429,400,411,421,1065,1551,241114,117310,123804,108.49639589571738,88.09111042909164,0.5391640468823876,7.7556674436158834,8.792521379928166,3.3179325961993085,132.21379251555706,86.02306872152757
16.0,2018,1,2089,11,95,184,94,175,403,348,387,398,324,438,1021,1451,242905,117754,125151,101.80934933410181,86.000699862086,0.4528519380004528,3.910994010003911,7.574977872007575,3.86982565200387,123.22299030181566,81.58144960887248
16.0,2018,2,2443,14,95,223,71,263,436,336,428,449,412,522,1172,1674,242905,117754,125151,117.16514686811716,100.57429859410057,0.5763570120005763,3.910994010003911,9.18054383400918,2.922953418002923,142.16077585474804,93.64687457551278
16.0,2019,1,870,3,29,57,35,69,165,132,186,151,137,154,380,613,247237,120652,126585,40.204338347415636,35.18890780910624,0.12134106141071117,1.1729635936368747,2.3054801668035125,1.4156457164582972,50.80728044292677,30.019354583876446
17.0,2015,1,274,2,11,1,1,23,57,43,36,48,34,48,136,153,17290,8831,8459,167.14864083285136,158.4731058415269,1.156737998843262,6.362058993637941,0.578368999421631,0.578368999421631,173.25331219567434,160.7755053788864
17.0,2015,2,199,2,17,1,1,22,34,28,34,43,22,37,102,118,17290,8831,8459,127.24117987275882,115.09543088490457,1.156737998843262,9.832272990167727,0.578368999421631,0.578368999421631,133.62020156267693,120.58162903416479
17.0,2016,1,302,2,12,3,0,32,55,43,47,35,38,69,143,176,17141,8776,8365,186.1034945452424,176.18575345662447,1.1667930692491686,7.000758415495012,1.750189603873753,0.0,200.54694621695532,170.9503885236103
17.0,2016,2,196,1,15,1,1,19,31,25,34,35,23,47,105,108,17141,8776,8365,124.84685840966105,114.34572078641852,0.5833965346245843,8.750948019368765,0.5833965346245843,0.5833965346245843,123.06289881494986,125.52301255230125
17.0,2017,1,410,5,22,6,6,36,79,53,75,77,47,82,232,217,17049,8761,8288,263.35855475394453,240.48331280427004,2.932723326881342,12.903982638277904,3.5192679922576104,3.5192679922576104,247.6886200205456,279.9227799227799
17.0,2017,2,704,1,8,5,5,54,115,85,113,124,79,153,368,355,17049,8761,8288,424.07179306704205,412.92744442489294,0.5865446653762684,4.692357323010147,2.932723326881342,2.932723326881342,405.20488528706767,444.015444015444
17.0,2018,1,746,0,22,7,2,56,142,88,112,147,59,173,442,335,17075,9012,8063,455.0512445095169,436.896046852123,0.0,12.88433382137628,4.099560761346998,1.171303074670571,371.7265867731913,548.183058414982
17.0,2018,2,789,3,30,1,3,57,131,106,110,188,96,138,435,390,17075,9012,8063,483.74816983894584,462.07906295754026,1.7569546120058566,17.569546120058565,0.5856515373352855,1.7569546120058566,432.75632490013317,539.5014262681384
17.0,2019,1,223,0,12,1,0,20,35,34,33,47,27,40,114,122,17345,9085,8260,136.0622657826463,128.5673104641107,0.0,6.918420294032862,0.5765350245027385,0.0,134.28728673637866,138.01452784503633
18.0,2015,1,602,53,61,57,114,115,127,122,143,142,93,145,302,585,360924,177121,183803,24.57581097405548,16.67941173210981,1.4684531923618267,1.690106504416442,1.5792798483891344,3.1585596967782688,33.028268810587115,16.43063497331382
18.0,2015,2,526,52,68,56,155,98,125,110,143,138,101,142,271,586,360924,177121,183803,23.74461105385067,14.573705267590961,1.4407465283549998,1.8840531524642306,1.5515731843823075,4.294532921058173,33.08472738975051,14.744046615125976
18.0,2016,1,902,46,85,57,80,134,160,172,182,189,160,173,443,727,361010,177329,183681,32.409074540871444,24.985457466552173,1.2742029306667406,2.354505415362455,1.5789036314783522,2.2160050968117226,40.99724241381838,24.117900054986634
18.0,2016,2,904,54,83,90,102,141,198,158,186,198,176,176,419,814,361010,177329,183681,34.154178554610674,25.040857593972465,1.4958034403479128,2.2991052879421625,2.4930057339131877,2.8254064984349463,45.90337733816804,22.811286959456886
18.0,2017,1,1204,53,101,94,130,187,248,216,276,230,201,224,567,1015,361722,177873,183849,43.735244193054335,33.285230093828964,1.4652136170871555,2.7921995344491073,2.5986807548338224,3.5939201928552866,57.06318553124983,30.840526736615374
18.0,2017,2,1402,49,58,78,100,174,237,203,256,251,280,286,654,1033,361722,177873,183849,46.638025887283604,38.759047002947014,1.3546314573069926,1.6034413168123585,2.156352115713172,2.7645539945040665,58.07514350126213,35.57267105069921
18.0,2018,1,1512,37,145,93,117,171,301,245,305,286,265,331,762,1140,364532,180338,184194,52.23135417466779,41.47784007988325,1.0150000548648679,3.9777029177136716,2.5512163541198025,3.2095947680862036,63.21463030531557,41.369425714192644
18.0,2018,2,1829,32,111,79,106,226,343,297,317,347,278,349,846,1307,364532,180338,184194,59.17175995523027,50.173921631022786,0.8778378852885342,3.045000164594603,2.167162279306069,2.9078379950182702,72.47501913074338,45.92983484804065
18.0,2019,1,582,12,24,26,34,56,103,89,102,126,102,100,259,419,372981,184454,188527,18.17786965019666,15.604012000611291,0.321732206198171,0.643464412396342,0.6970864467627038,0.911574584228151,22.715690632894923,13.738085260997098
19.0,2015,1,455,126,109,76,180,109,149,136,141,133,139,139,312,634,594291,292736,301555,15.918127651268486,7.6561819041513335,2.1201734503803693,1.8341183023131766,1.2788347795945085,3.028819214829099,21.65773939658942,10.346371308716485
19.0,2015,2,357,139,97,70,154,96,127,124,121,127,105,117,233,584,594291,292736,301555,13.747473880640966,6.007158109411046,2.338921504784693,1.63219702132457,1.1778741391002052,2.5913231060204516,19.94971578487101,7.726617035035068
19.0,2016,1,539,129,149,50,144,137,140,124,140,157,146,167,362,649,596132,293578,302554,16.9593311548449,9.04162165426449,2.163950266048459,2.4994464313272897,0.8387404131970772,2.4155723900075823,22.106561118339933,11.964806282514857
19.0,2016,2,521,116,138,76,140,131,149,154,154,131,143,129,353,638,596132,293578,302554,16.623834989566067,8.739675105513543,1.945877758617219,2.314923540423933,1.2748854280595574,2.3484731569518162,21.731873641757897,11.66733872300482
19.0,2017,1,929,92,170,88,155,172,230,190,207,223,201,211,552,882,598761,294884,303877,23.94945562586742,15.515372577706296,1.536506218674897,2.8391962736383967,1.4697016004716406,2.5886789553761855,29.91006633116751,18.165244490369457
19.0,2017,2,1357,121,72,64,179,181,261,223,268,305,264,291,659,1134,598761,294884,303877,29.945170109609677,22.663466725454732,2.020839700648506,1.202483127658615,1.0688738912521023,2.9895066645957233,38.45579956864394,21.686406012959193
19.0,2018,1,1454,111,246,98,235,223,339,294,315,324,298,351,850,1293,604668,294968,309700,35.457474184180406,24.046253481249213,1.8357181130802358,4.068348250610252,1.6207240998366046,3.886430239404103,43.83526348620867,27.445915402001937
19.0,2018,2,1767,146,255,98,190,251,404,333,365,370,332,401,1015,1440,604668,294968,309700,40.617330502027556,29.222647800115105,2.414548148736166,4.217190259778921,1.6207240998366046,3.142220193560764,48.818854926636114,32.773651921214075
19.0,2019,1,562,28,46,25,34,71,108,85,129,115,99,88,264,431,619706,304313,315393,11.214995497865116,9.068816503309634,0.4518271567485227,0.7422874718011445,0.4034171042397524,0.5486472617660633,14.16304922891891,8.370509174268294
